Shoulder_Right1,Shoulder_Right2,Shoulder_Right3,Elbow_Right1,Wrist_Right1,Wrist_Right2,Wrist_Right3,
-0.360475,0.229283,0.215566,1.3752,-0.527849,-0.263532,-0.729401,
-0.361062,0.229287,0.215825,1.37424,-0.527501,-0.263455,-0.728046,
-0.361385,0.229581,0.216144,1.37356,-0.527664,-0.263211,-0.729565,
-0.362032,0.229458,0.216232,1.37253,-0.527788,-0.262868,-0.730228,
-0.362571,0.229547,0.216389,1.37173,-0.527654,-0.262478,-0.731376,
-0.363085,0.229511,0.216465,1.37078,-0.527618,-0.262119,-0.731679,
-0.36371,0.229173,0.216107,1.36946,-0.527361,-0.261694,-0.73081,
-0.36424,0.229145,0.21614,1.36853,-0.526991,-0.261326,-0.73115,
-0.364856,0.228944,0.216127,1.36732,-0.527076,-0.261081,-0.73086,
-0.36541,0.229287,0.216695,1.36672,-0.527204,-0.260865,-0.731272,
-0.365935,0.229052,0.216447,1.36589,-0.527259,-0.260572,-0.731564,
-0.36636,0.22932,0.216784,1.36471,-0.527101,-0.26004,-0.732538,
-0.366865,0.22952,0.217072,1.36426,-0.527183,-0.259889,-0.733516,
-0.367525,0.229278,0.21697,1.36311,-0.526765,-0.259487,-0.732174,
-0.367973,0.229535,0.217361,1.36227,-0.52725,-0.259151,-0.732797,
-0.368557,0.229445,0.217256,1.36125,-0.526741,-0.258631,-0.73329,
-0.369118,0.229399,0.217311,1.36024,-0.527118,-0.258062,-0.735129,
-0.369732,0.229613,0.217921,1.35947,-0.526643,-0.258316,-0.73436,
-0.370098,0.229764,0.21812,1.35872,-0.526733,-0.258012,-0.7355,
-0.370809,0.22963,0.218022,1.35758,-0.526895,-0.257286,-0.73723,
-0.371407,0.229744,0.218212,1.35689,-0.526963,-0.257112,-0.73895,
-0.371913,0.229961,0.218706,1.35587,-0.526758,-0.256839,-0.738427,
-0.372461,0.229927,0.218828,1.35509,-0.526817,-0.256379,-0.737186,
-0.373049,0.230082,0.21915,1.35415,-0.527019,-0.256246,-0.73913,
-0.373612,0.230006,0.219147, 1.353,-0.526398,-0.255607,-0.738677,
-0.374231,0.230251,0.219736,1.35223,-0.526336,-0.255869,-0.739639,
-0.374814,0.230309,0.219821,1.35134,-0.526405,-0.25536,-0.741326,
-0.375592,0.23025,0.220129,1.34996,-0.526072,-0.254977,-0.74131,
-0.376125,0.230423,0.220428,1.34937,-0.526244,-0.254298,-0.741496,
-0.376769,0.23034,0.220569,1.34813,-0.525973,-0.253961,-0.740865,
-0.377394,0.23061,0.22105,1.3471,-0.526056,-0.253555,-0.741592,
-0.378015,0.230566,0.221089,1.34605,-0.525766,-0.253009,-0.741769,
-0.378653,0.230538,0.221251,1.34487,-0.525582,-0.252554,-0.741721,
-0.379448,0.230683,0.22173,1.34362,-0.525318,-0.252167,-0.742778,
-0.379936,0.230845,0.221927,1.34278,-0.525427,-0.25155,-0.74301,
-0.380685,0.230771,0.222048,1.34137,-0.525173,-0.251179,-0.743974,
-0.381271,0.231057,0.222541,1.34047,-0.525478,-0.250672,-0.744917,
-0.381932,0.231067,0.22275,1.33917,-0.525297,-0.250242,-0.745455,
-0.382616,0.231177,0.223018,1.33807,-0.52525,-0.2498,-0.745665,
-0.383304,0.231192,0.223075,1.3368,-0.525034,-0.248925,-0.746413,
-0.383948,0.231356,0.223505,1.33573,-0.525388,-0.248592,-0.747304,
-0.384643,0.231437,0.223746,1.33459,-0.525285,-0.248011,-0.748056,
-0.385205,0.231704,0.224159,1.33339,-0.525367,-0.247359,-0.749331,
-0.386057,0.231618,0.224307,1.33214,-0.525715,-0.246979,-0.750354,
-0.386746,0.231615,0.22433,1.33102,-0.525885,-0.246116,-0.750933,
-0.387383,0.231765,0.224536,1.32995,-0.526422,-0.245238,-0.751847,
-0.388077,0.231841,0.224791,1.32877,-0.526635,-0.244711,-0.753207,
-0.388789,0.231916,0.225001,1.32768,-0.527292,-0.243971,-0.755283,
-0.389381,0.232104,0.225245,1.32656,-0.527783,-0.243168,-0.756311,
-0.390271,0.231894,0.225195,1.32497,-0.527362,-0.242502,-0.756229,
-0.390796,0.232087,0.22539,1.32416,-0.52817,-0.241862,-0.758237,
-0.391477,0.232149,0.225668,1.32304,-0.52855,-0.241294,-0.756432,
-0.392193,0.232247,0.225797,1.32145,-0.52854,-0.240622,-0.759192,
-0.392932,0.23225,0.226073,1.32021,-0.528789,-0.240091,-0.757341,
-0.393545,0.232486,0.226669,1.31882,-0.529282,-0.240273,-0.762538,
-0.394221,0.232494,0.226374,1.31786,-0.529719,-0.238497,-0.761252,
-0.394866,0.232772,0.226918,1.31672,-0.530303,-0.238074,-0.762836,
-0.395727,0.232447,0.226726,1.31498,-0.529965,-0.237436,-0.763095,
-0.396205,0.23279,0.227157,1.31398,-0.530678,-0.236764,-0.764224,
-0.396948,0.233051,0.227623,1.31278,-0.531317,-0.236095,-0.76391,
-0.397713,0.232727,0.227207,1.31119,-0.531134,-0.235182,-0.76476,
-0.398402,0.232855,0.227607,1.30995,-0.531564,-0.234719,-0.764576,
-0.399026,0.232866,0.22774,1.30876,-0.531855,-0.234195,-0.7649,
-0.399747,0.232742,0.227701,1.30712,-0.531831,-0.233425,-0.764554,
-0.400462,0.232389,0.227211,1.30552,-0.531966,-0.232454,-0.76551,
-0.40123,0.23245,0.227559,1.30419,-0.532033,-0.231905,-0.766131,
-0.401661,0.232637,0.227841,1.3031,-0.532195,-0.231666,-0.766027,
-0.402417,0.232579,0.227904,1.30183,-0.533105,-0.230823,-0.766383,
-0.402985,0.232766,0.228148,1.30106,-0.533829,-0.230111,-0.769405,
-0.403626,0.232652,0.22808,1.29981,-0.534104,-0.229521,-0.768392,
-0.404287,0.232652,0.228628,1.29826,-0.534492,-0.229986,-0.771941,
-0.4049,0.232556,0.228226,1.29758,-0.534958,-0.228438,-0.769066,
-0.405371,0.232915,0.228934,1.29662,-0.535329,-0.228259,-0.770745,
-0.406026,0.232854,0.229122,1.29549,-0.535556,-0.227857,-0.768716,
-0.406529,0.232872,0.229257,1.29444,-0.535961,-0.227493,-0.77019,
-0.407113,0.232969,0.229422,1.29352,-0.536271,-0.22699,-0.769336,
-0.407677,0.232905,0.22943,1.2926,-0.536833,-0.226548,-0.771381,
-0.408254,0.232999,0.229904,1.29141,-0.536982,-0.226362,-0.769561,
-0.408745,0.233084,0.230234,1.29059,-0.537152,-0.226298,-0.769958,
-0.409315,0.233057,0.230373,1.28953,-0.53727,-0.226101,-0.76864,
-0.409748,0.233237,0.230889,1.28871,-0.537676,-0.22616,-0.770858,
-0.410365,0.233049,0.231029,1.28774,-0.537827,-0.226187,-0.769987,
-0.410689,0.233337,0.231429,1.28729,-0.538216,-0.226158,-0.77202,
-0.411214,0.233346,0.231689,1.28644,-0.538354,-0.225813,-0.768581,
-0.411654,0.233351,0.231849,1.28569,-0.538387,-0.225909,-0.770615,
-0.412019,0.233542,0.23212,1.28514,-0.538639,-0.225544,-0.769993,
-0.41249,0.233391,0.232363,1.28411,-0.538325,-0.225915,-0.769245,
-0.412961,0.233356,0.232509,1.28336,-0.538355,-0.225787,-0.768472,
-0.413302,0.233517,0.232985,1.28298,-0.53883,-0.225839,-0.769639,
-0.4138,0.233439,0.2333,1.28217,-0.538418,-0.226187,-0.770246,
-0.413969,0.233493,0.233309,1.28174,-0.538192,-0.226167,-0.769275,
-0.414411,0.233458,0.23334,1.28124,-0.538516,-0.22601,-0.76702,
-0.414749,0.233704,0.234069,1.28078,-0.538492,-0.226315,-0.769724,
-0.415092,0.233569,0.23398,1.28038,-0.538601,-0.226056,-0.766099,
-0.415441,0.233846,0.234664,1.27987,-0.538285,-0.226472,-0.769766,
-0.415763,0.233614,0.234546,1.27947,-0.538225,-0.22652,-0.766614,
-0.41602,0.233685,0.234844,1.27922,-0.538098,-0.226685,-0.768623,
-0.416395,0.233707,0.235036,1.27875,-0.537833,-0.226721,-0.765688,
-0.416433,0.233871,0.235222,1.27881,-0.537886,-0.226805,-0.76587,
-0.416779,0.233815,0.235445,1.27839,-0.537702,-0.226895,-0.765358,
-0.417105,0.233791,0.235891,1.27796,-0.537283,-0.22772,-0.766526,
-0.417286,0.233769,0.235701,1.27795,-0.537385,-0.22743,-0.764265,
-0.417542,0.233804,0.236155,1.27779,-0.537297,-0.227767,-0.766637,
-0.417737,0.23387,0.236469,1.27763,-0.536953,-0.228088,-0.764287,
-0.417989, 0.234,0.236935,1.27764,-0.53705,-0.228319,-0.767564,
-0.418203,0.233712,0.236466,1.27754,-0.536695,-0.228246,-0.762655,
-0.418229,0.233971,0.236827,1.2777,-0.536598,-0.228426,-0.763249,
-0.418525,0.233968,0.237259,1.27753,-0.536489,-0.228639,-0.761751,
-0.418609,0.233889,0.237103,1.27784,-0.536371,-0.228896,-0.761798,
-0.418771, 0.234,0.237615,1.27791,-0.536114,-0.229284,-0.7607,
-0.418891,0.233877,0.237308,1.27797,-0.535982,-0.229087,-0.760987,
-0.419054,0.233835,0.237468,1.27793,-0.535777,-0.229417,-0.760932,
-0.419094,0.234167,0.238164,1.27834,-0.535644,-0.229843,-0.760518,
-0.41926,0.234041,0.238172,1.27849,-0.535243,-0.229966,-0.759552,
-0.419257,0.233851,0.237747,1.27879,-0.534812,-0.229957,-0.759021,
-0.41932,0.234015,0.238226,1.27906,-0.534752,-0.230446,-0.759026,
-0.419401,0.233898,0.238111,1.27943,-0.534379,-0.230622,-0.758891,
-0.41951,0.233898,0.238228,1.27968,-0.534295,-0.230609,-0.759748,
-0.419544,0.233938,0.23841,1.28003,-0.53398,-0.230898,-0.759177,
-0.419551,0.233985,0.238735,1.2803,-0.533533,-0.231283,-0.757864,
-0.419597,0.233908,0.23864,1.2808,-0.533478,-0.231371,-0.758263,
-0.419674,0.233978,0.238926,1.28111,-0.533002,-0.231812,-0.757793,
-0.419536,0.234154,0.239269,1.2815,-0.532446,-0.232248,-0.756686,
-0.419596,0.233837,0.239098,1.28179,-0.53205,-0.232617,-0.756785,
-0.419578,0.233937,0.239235,1.2824,-0.531601,-0.232982,-0.756385,
-0.419605,0.233592,0.238872,1.28277,-0.531407,-0.232986,-0.755373,
-0.419601,0.233929,0.23939,1.28336,-0.531213,-0.233496,-0.75641,
-0.41965,0.233599,0.239066,1.2837,-0.530726,-0.233757,-0.754927,
-0.419578,0.233701,0.239345,1.2842,-0.530444,-0.234046,-0.755299,
-0.419586,0.233939,0.239957,1.28464,-0.52978,-0.234783,-0.754663,
-0.419648,0.233916,0.239899,1.28493,-0.529451,-0.234751,-0.754648,
-0.419674,0.233945,0.240084,1.28532,-0.529253,-0.235032,-0.75473,
-0.419543,0.234055,0.240304,1.28626,-0.529246,-0.235376,-0.754742,
-0.419635,0.233881,0.240254,1.28664,-0.52899,-0.235733,-0.754473,
-0.41956,0.234202,0.240778,1.28735,-0.528978,-0.236296,-0.75513,
-0.419556,0.233989,0.240558,1.28771,-0.528525,-0.236377,-0.754427,
-0.419537,0.234274,0.241229,1.28828,-0.528519,-0.236895,-0.753607,
-0.419605,0.233816,0.240728,1.28849,-0.527775,-0.236923,-0.753228,
-0.419428,0.233888,0.240794,1.2891,-0.527445,-0.237288,-0.752171,
-0.419475,0.233716,0.24077,1.28946,-0.527206,-0.237612,-0.752569,
-0.419489,0.233873,0.240958,1.29008,-0.526852,-0.237727,-0.752655,
-0.41921,0.233443,0.240764,1.29058,-0.526466,-0.23813,-0.752362,
-0.41943,0.233747,0.241194,1.29095,-0.526401,-0.238426,-0.752269,
-0.419456,0.233889,0.241532,1.29159,-0.526248,-0.238636,-0.751721,
-0.41943,0.233994,0.241792,1.29213,-0.526221,-0.238914,-0.752487,
-0.419424,0.233826,0.241705,1.29255,-0.52574,-0.23914,-0.751368,
-0.419355,0.233756,0.241584,1.29309,-0.525546,-0.239234,-0.751653,
-0.419395,0.233838,0.241939,1.29348,-0.525389,-0.239462,-0.751382,
-0.419315,0.233739,0.241857,1.29405,-0.525156,-0.239738,-0.751144,
-0.419409,0.233549,0.241828,1.29437,-0.524826,-0.240007,-0.74974,
-0.41936,0.233702,0.242044,1.29491,-0.52486,-0.239962,-0.750109,
-0.41928,0.233478,0.241828,1.29538,-0.524341,-0.240074,-0.749662,
-0.419289,0.233526,0.242083,1.2958,-0.524468,-0.240354,-0.749532,
-0.419294,0.233477,0.242231,1.29619,-0.524196,-0.24057,-0.750256,
-0.419185,0.233386,0.242093,1.29674,-0.524032,-0.240639,-0.74875,
-0.419237,0.233403,0.242253,1.29706,-0.524076,-0.240766,-0.749752,
-0.419216,0.233312,0.242167,1.29749,-0.52372,-0.240854,-0.748754,
-0.419184,0.232975,0.241932,1.29788,-0.523481,-0.241012,-0.748011,
-0.41911,0.233153,0.242142,1.29832,-0.523448,-0.241101,-0.748674,
-0.419112,0.233137,0.2422,1.29868,-0.523259,-0.241094,-0.748693,
-0.419053,0.233114,0.242302,1.29909,-0.523378,-0.241258,-0.748596,
-0.419092,0.232976,0.242296,1.2994,-0.522937,-0.241379,-0.748684,
-0.41888,0.232868,0.242094,1.29998,-0.522999,-0.24144,-0.747032,
-0.418956,0.232921,0.242354,1.30008,-0.52273,-0.241642,-0.747363,
-0.41887,0.23284,0.242279,1.30062,-0.522747,-0.241539,-0.748029,
-0.41877,0.232545,0.242028,1.30115,-0.522819,-0.241743,-0.746556,
-0.418855,0.232758,0.242374,1.30136,-0.522818,-0.241753,-0.747861,
-0.418878,0.232719,0.242383,1.30155,-0.52242,-0.241825,-0.74737,
-0.41872,0.232533,0.242274,1.30179,-0.522288,-0.24186,-0.74664,
-0.418834,0.232504,0.242563,1.30216,-0.522224,-0.2423,-0.746553,
-0.418577,0.232599,0.242531,1.30274,-0.522187,-0.242274,-0.746598,
-0.41863,0.23225,0.242304,1.30265,-0.521772,-0.242427,-0.745419,
-0.418606,0.232428,0.242541,1.30325,-0.522076,-0.242448,-0.746621,
-0.418695,0.232284,0.242538,1.30319,-0.52148,-0.24263,-0.744971,
-0.418594,0.232385,0.242901,1.30351,-0.52191,-0.243226,-0.748303,
-0.418503,0.232388,0.242807,1.30391,-0.521649,-0.242676,-0.746279,
-0.418473,0.232239,0.242559,1.30405,-0.521433,-0.242518,-0.74604,
-0.418506,0.232165,0.242798,1.30446,-0.521355,-0.242813,-0.744948,
-0.418296,0.232356,0.242958,1.30481,-0.521435,-0.242741,-0.745126,
-0.418338,0.23201,0.242724,1.3049,-0.521272,-0.24304,-0.744173,
-0.418226,0.232088,0.242765,1.3055,-0.521267,-0.243006,-0.745468,
-0.41821,0.232007,0.242732,1.30562,-0.521226,-0.242917,-0.745518,
-0.418097,0.231994,0.242758,1.30597,-0.521216,-0.243094,-0.745081,
-0.417975,0.231856,0.242661,1.30627,-0.521208,-0.243008,-0.745707,
-0.417916,0.231781,0.242857,1.30631,-0.521087,-0.243373,-0.744613,
-0.417992,0.231684,0.242774,1.30653,-0.520816,-0.243223,-0.744805,
-0.417701,0.232014,0.243178,1.30702,-0.52097,-0.243426,-0.746132,
-0.417722,0.231412,0.242548,1.30696,-0.52079,-0.243388,-0.744661,
-0.417605,0.231858,0.243169,1.30755,-0.521092,-0.243458,-0.7452,
-0.417521,0.231482,0.242757,1.30767,-0.520925,-0.243445,-0.744621,
-0.417495,0.23148,0.242839,1.30785,-0.521139,-0.243318,-0.745227,
-0.417317,0.231294,0.242509,1.30818,-0.520954,-0.243286,-0.744402,
-0.41724,0.231293,0.242708,1.30834,-0.521143,-0.243461,-0.744009,
-0.417226,0.231456,0.243039,1.3087,-0.521293,-0.243389,-0.744945,
-0.417031,0.231479,0.243052,1.30882,-0.521167,-0.24334,-0.744996,
-0.416675,0.230785,0.242442,1.30912,-0.521151,-0.243463,-0.744019,
-0.416901,0.231262,0.242922,1.30941,-0.521563,-0.243233,-0.745512,
-0.416724,0.231113,0.242912,1.30949,-0.521538,-0.243197,-0.74506,
-0.416723,0.231097,0.24288,1.30962,-0.521749,-0.243112,-0.744509,
-0.416684,0.230969,0.242878,1.30976,-0.521705,-0.243178,-0.744724,
-0.416414,0.231093,0.243041,1.31012,-0.521992,-0.243102,-0.744504,
-0.416434,0.230917,0.242984,1.31023,-0.521981,-0.243092,-0.744805,
-0.416206,0.230948,0.242948,1.31051,-0.522215,-0.242928,-0.744784,
-0.416303,0.230764,0.242782,1.31037,-0.522228,-0.242753,-0.745391,
-0.416125,0.231031,0.243218,1.31072,-0.522219,-0.242876,-0.745516,
-0.415981,0.230715,0.242841,1.31081,-0.522195,-0.242738,-0.74484,
-0.415988,0.230821,0.243136,1.3109,-0.52262,-0.242757,-0.745458,
-0.415754,0.230833,0.243302,1.31097,-0.522364,-0.242793,-0.74492,
-0.415673,0.230551,0.242908,1.31103,-0.522438,-0.242641,-0.744757,
-0.415768,0.230716,0.243377,1.31124,-0.522791,-0.242596,-0.74504,
-0.415525,0.230738,0.243197,1.31134,-0.5226,-0.242256,-0.745164,
-0.415458,0.230244,0.242731,1.31126,-0.52255,-0.242197,-0.744644,
-0.415377,0.230695,0.2433,1.31168,-0.523021,-0.242075,-0.745785,
-0.415153,0.230368,0.243205,1.31173,-0.522859,-0.242248,-0.744618,
-0.41524,0.230489,0.243254,1.31159,-0.523057,-0.242068,-0.745249,
-0.415141,0.230712,0.243685,1.31181,-0.523378,-0.24213,-0.746872,
-0.414944,0.230208,0.242994,1.3118,-0.523371,-0.241794,-0.745459,
-0.415021,0.230503,0.243643,1.31185,-0.523247,-0.242156,-0.745794,
-0.414763,0.230525,0.243532,1.31204,-0.523475,-0.24193,-0.74579,
-0.41464,0.230206,0.243311,1.31192,-0.523328,-0.241998,-0.74517,
-0.414625,0.230334,0.243568,1.31215,-0.52357,-0.241908,-0.745771,
-0.414571,0.230203,0.243455,1.3122,-0.523701,-0.241808,-0.745394,
-0.414487,0.230179,0.243697,1.31198,-0.523718,-0.242525,-0.748305,
-0.414413,0.230061,0.243479,1.31222,-0.523677,-0.241962,-0.74549,
-0.41427,0.230102,0.243549,1.31213,-0.523746,-0.241927,-0.746304,
-0.41419,0.230079,0.243718,1.3124,-0.523721,-0.242059,-0.746165,
-0.414089,0.230114,0.243709,1.31242,-0.523874,-0.241992,-0.746579,
-0.413803,0.229389,0.243165,1.31236,-0.523774,-0.242099,-0.745558,
-0.413938,0.229976,0.243809,1.31252,-0.523995,-0.242087,-0.745587,
-0.413632,0.229662,0.243707,1.31256,-0.523867,-0.242119,-0.745647,
-0.413787,0.229829,0.244033,1.31226,-0.524084,-0.242758,-0.748132,
-0.413701,0.22977,0.243859,1.31248,-0.52404,-0.242157,-0.746171,
-0.413614,0.229674,0.244019,1.31227,-0.523676,-0.24259,-0.747763,
-0.413546,0.229727,0.244007,1.31255,-0.524112,-0.242261,-0.746621,
-0.413337,0.229638,0.243922,1.31276,-0.523965,-0.242342,-0.748586,
-0.413423,0.229383,0.243497,1.31248,-0.524222,-0.241839,-0.746107,
-0.413285,0.229631,0.244093,1.31273,-0.524211,-0.242358,-0.749576,
-0.413299,0.229456,0.243876,1.31271,-0.524393,-0.242119,-0.746426,
-0.413135,0.22946,0.243955,1.31255,-0.524218,-0.242143,-0.747885,
-0.413089,0.229412,0.24391,1.31272,-0.524376,-0.24194,-0.746495,
-0.412977,0.229271,0.24396,1.31256,-0.524251,-0.242385,-0.749443,
-0.412821,0.229482,0.244062,1.31293,-0.524391,-0.242138,-0.747109,
-0.412666,0.229322,0.243995,1.31305,-0.524303,-0.242441,-0.749916,
-0.412797,0.229162,0.243976,1.31257,-0.524147,-0.24222,-0.747632,
-0.412647,0.229379,0.244396,1.31295,-0.52442,-0.242539,-0.749479,
-0.41263,0.229151,0.243878,1.31294,-0.524605,-0.241989,-0.747787,
-0.412518,0.229196,0.244265,1.31282,-0.52428,-0.242533,-0.749416,
-0.412506,0.229079,0.244139,1.31293,-0.524557,-0.24233,-0.748436,
-0.412348,0.229058,0.244254,1.31289,-0.524476,-0.242683,-0.749036,
-0.412232,0.229194,0.244538,1.31304,-0.524278,-0.242835,-0.749329,
-0.412146,0.229043,0.244296,1.31304,-0.524305,-0.24275,-0.749485,
-0.412182,0.228866,0.244101,1.3129,-0.524473,-0.242494,-0.747788,
-0.412013,0.229125,0.244446,1.31324,-0.524707,-0.242704,-0.749902,
-0.41198,0.229001,0.244483,1.31313,-0.524531,-0.24292,-0.749331,
-0.411871,0.228973,0.244717, 1.313,-0.5245,-0.243715,-0.751283,
-0.411872,0.228874,0.244366,1.31309,-0.524301,-0.242896,-0.747334,
-0.41176,0.228764,0.244379,1.31298,-0.524333,-0.243037,-0.747917,
-0.411735,0.22893,0.244791,1.31317,-0.524264,-0.243372,-0.74934,
-0.411441,0.228823,0.244489,1.31327,-0.52417,-0.2433,-0.74853,
-0.411609,0.22857,0.244369,1.31284,-0.524109,-0.243293,-0.746968,
-0.411474,0.228765,0.244658,1.31311,-0.524281,-0.243505,-0.748751,
-0.411391,0.228695,0.244731,1.31311,-0.524229,-0.243722,-0.745729,
-0.411261,0.228823,0.24516, 1.313,-0.524442,-0.244476,-0.750084,
-0.411216,0.2287,0.244844,1.31317,-0.52449,-0.244122,-0.748863,
-0.411097,0.228683,0.244954,1.31288,-0.524317,-0.244353,-0.750234,
-0.410913,0.228976,0.245275,1.31342,-0.524427,-0.244177,-0.749914,
-0.4107,0.228991,0.245195,1.31341,-0.52421,-0.244287,-0.749691,
-0.410983,0.228508,0.244789,1.31293,-0.524271,-0.244169,-0.747424,
-0.410752,0.228935,0.245349,1.31352,-0.524768,-0.244361,-0.749182,
-0.410786,0.228586,0.244933,1.31323,-0.524533,-0.244078,-0.74796,
-0.410611,0.228833,0.245558,1.31328,-0.524834,-0.245073,-0.750724,
-0.410588,0.228587,0.244957,1.31344,-0.524678,-0.244245,-0.747344,
-0.410269,0.228802,0.245138,1.31361,-0.524683,-0.244407,-0.749139,
-0.410229,0.22888,0.245345,1.31372,-0.524499,-0.244536,-0.748473,
-0.410069,0.228919,0.245284,1.31372,-0.524481,-0.24447,-0.74895,
-0.41023,0.228652,0.244994,1.31354,-0.524661,-0.244105,-0.747843,
-0.410113,0.228837,0.245219,1.31375,-0.52469,-0.244276,-0.749408,
-0.410104,0.2287,0.245086,1.31352,-0.524449,-0.244188,-0.747249,
-0.409829,0.228861,0.245291,1.3138,-0.524537,-0.2445,-0.748335,
-0.409967,0.228495,0.244825,1.31359,-0.524556,-0.244088,-0.746672,
-0.409917,0.22832,0.244599,1.31347,-0.524373,-0.244288,-0.747154,
-0.409636,0.228827,0.245202,1.31411,-0.524819,-0.244451,-0.749373,
-0.409513,0.228654,0.244779,1.31411,-0.524693,-0.244202,-0.74915,
-0.409788,0.228315,0.244683,1.31365,-0.524637,-0.244367,-0.748588,
-0.409595,0.22869,0.245062,1.31393,-0.52465,-0.244335,-0.747932,
-0.40952,0.228604,0.244807,1.3141,-0.524854,-0.244225,-0.746933,
-0.409482,0.228647,0.245109,1.31391,-0.525136,-0.244862,-0.751214,
-0.409463,0.228473,0.244695,1.31392,-0.524905,-0.244216,-0.747375,
-0.409406,0.22835,0.244452,1.31381,-0.524998,-0.244029,-0.748403,
-0.409114,0.2287,0.244737,1.31437,-0.525154,-0.24403,-0.749643,
-0.408914,0.228657,0.244649,1.3146,-0.525143,-0.244315,-0.748504,
-0.409228,0.228329,0.244325,1.31418,-0.525337,-0.24404,-0.748415,
-0.40886,0.228737,0.244659,1.31458,-0.525313,-0.244125,-0.748345,
-0.408806,0.228634,0.244379,1.31461,-0.52535,-0.243854,-0.748174,
-0.40875,0.228666,0.244658,1.31438,-0.525555,-0.24458,-0.752225,
-0.40865,0.228641,0.244312,1.31476,-0.525477,-0.243855,-0.748389,
-0.408578,0.228602,0.244306,1.31467,-0.525595,-0.243978,-0.749261,
-0.408616,0.228612,0.244404,1.31475,-0.52558,-0.24412,-0.749973,
-0.408419,0.228649,0.244176,1.31488,-0.525505,-0.243811,-0.749524,
-0.408705,0.228379,0.244057,1.31439,-0.525493,-0.243887,-0.748167,
-0.408635,0.228518,0.244163,1.31468,-0.525862,-0.243866,-0.7508,
-0.40866,0.228384,0.244109,1.31446,-0.525538,-0.243989,-0.749266,
-0.408513,0.228494,0.244152,1.31466,-0.525558,-0.244164,-0.749779,
-0.408504,0.228467,0.244026,1.31471,-0.525793,-0.243798,-0.749754,
-0.408458,0.22811,0.243656,1.31468,-0.525679,-0.244049,-0.748793,
-0.408274,0.228402,0.244006,1.31473,-0.52516,-0.244231,-0.749152,
-0.407966,0.228603,0.243945,1.31512,-0.525341,-0.244174,-0.749952,
-0.408312,0.228304,0.243962,1.3144,-0.525048,-0.244308,-0.748011,
-0.40818,0.228492,0.244124,1.31479,-0.525331,-0.244399,-0.749621,
-0.408166,0.22828,0.243843,1.31459,-0.525039,-0.244244,-0.748128,
-0.408105,0.228291,0.244153,1.31451,-0.525268,-0.245016,-0.751242,
-0.408161,0.2282,0.243824,1.31469,-0.52523,-0.244291,-0.748664,
-0.408007,0.228126,0.243794,1.31458,-0.524938,-0.244568,-0.748141,
-0.407762,0.228398,0.244009,1.31501,-0.524976,-0.244564,-0.748653,
-0.407488,0.228557,0.244063,1.31525,-0.524976,-0.244768,-0.749258,
-0.407946,0.228024,0.243644,1.31469,-0.525048,-0.244511,-0.747834,
-0.407701,0.228422,0.244029,1.31515,-0.525075,-0.24477,-0.748996,
-0.407718,0.228243,0.243854,1.31497,-0.525156,-0.244598,-0.748272,
-0.407593,0.228413,0.244349,1.31502,-0.525525,-0.245551,-0.751248,
-0.407687,0.228211,0.243948,1.31472,-0.524813,-0.244689,-0.746298,
-0.407645,0.228052,0.243783,1.31483,-0.525049,-0.244766,-0.747879,
-0.407284,0.228433,0.244172,1.31537,-0.52505,-0.245077,-0.748241,
-0.407103,0.228426,0.24394,1.31538,-0.524925,-0.244884,-0.748121,
-0.407515,0.228035,0.243748,1.31474,-0.524832,-0.244829,-0.747432,
-0.407233,0.228473,0.244145,1.31542,-0.525292,-0.244805,-0.748756,
-0.407312,0.228264,0.243855,1.31509,-0.525123,-0.244657,-0.747638,
-0.407154,0.228455,0.244119,1.31529,-0.52512,-0.244899,-0.748515,
-0.407184,0.228411,0.243933,1.31511,-0.525119,-0.244509,-0.748185,
-0.407101,0.228311,0.243875,1.31512,-0.524991,-0.244715,-0.747687,
-0.406731,0.228553,0.2441,1.31571,-0.525045,-0.245006,-0.748026,
-0.406568,0.228711,0.24409,1.31571,-0.524824,-0.244952,-0.748276,
-0.406904,0.228479,0.244053,1.31521,-0.524913,-0.244884,-0.747916,
-0.406771,0.228634,0.244134,1.31571,-0.525172,-0.244947,-0.748631,
-0.406551,0.228661,0.243927,1.31577,-0.525048,-0.244728,-0.747796,
-0.406751,0.228661,0.244205,1.3156,-0.525174,-0.24499,-0.747735,
-0.406385,0.228843,0.24411,1.31601,-0.525171,-0.244921,-0.747563,
-0.40636,0.228724,0.24396,1.31585,-0.525216,-0.244818,-0.748117,
-0.40632,0.228979,0.24438,1.31616,-0.525346,-0.245078,-0.748489,
-0.406131,0.22904,0.244186,1.31614,-0.525084,-0.244927,-0.748729,
-0.406219,0.228808,0.24386,1.31603,-0.525314,-0.24465,-0.747565,
-0.406117,0.229043,0.244204,1.31638,-0.525453,-0.244925,-0.748808,
-0.406111,0.228958,0.243969,1.3162,-0.525081,-0.244805,-0.746612,
-0.406055,0.228994,0.244068,1.31634,-0.525422,-0.244856,-0.747828,
-0.406007,0.229164,0.244259,1.31632,-0.525402,-0.244938,-0.748235,
-0.406003,0.228919,0.243926,1.31607,-0.525172,-0.244893,-0.748307,
-0.405961,0.229089,0.244191,1.31648,-0.525514,-0.245014,-0.74846,
-0.405807,0.229196,0.244146,1.31642,-0.525414,-0.244856,-0.749165,
-0.405874,0.228992,0.243942,1.31623,-0.525377,-0.244882,-0.747448,
-0.40578,0.229218,0.24418,1.31662,-0.525324,-0.245094,-0.748075,
-0.40578,0.22917,0.244156,1.31634,-0.525165,-0.245099,-0.747118,
-0.405683,0.229294,0.24452,1.31637,-0.525438,-0.245691,-0.750543,
-0.405659,0.22924,0.244128,1.31651,-0.525415,-0.245018,-0.747965,
-0.405637,0.229005,0.243843,1.31627,-0.525069,-0.245018,-0.748365,
-0.405619,0.229298,0.244472,1.31656,-0.525163,-0.245611,-0.748903,
-0.405508,0.229147,0.244018,1.31648,-0.524803,-0.245354,-0.748056,
-0.40552,0.229168,0.244058,1.3162,-0.524748,-0.245317,-0.746941,
-0.405385,0.229435,0.24446,1.31678,-0.525141,-0.245599,-0.747977,
-0.405447,0.229318,0.244346,1.3164,-0.524756,-0.245591,-0.747371,
-0.405346,0.22936,0.244352,1.31657,-0.524974,-0.245658,-0.74777,
-0.405337,0.229324,0.244425,1.31632,-0.524543,-0.245978,-0.746547,
-0.405332,0.229239,0.244277,1.31624,-0.524557,-0.245856,-0.746899,
-0.40532,0.229349,0.244503,1.31647,-0.524638,-0.246059,-0.747493,
-0.405075,0.229436,0.244387,1.31651,-0.524382,-0.246032,-0.747422,
-0.405141,0.22936,0.244358,1.31631,-0.52441,-0.246006,-0.746195,
-0.405063,0.2295,0.244473,1.31665,-0.524475,-0.246192,-0.746926,
-0.405036,0.229463,0.24452,1.31657,-0.524425,-0.246377,-0.746296,
-0.405014,0.229501,0.244457,1.31653,-0.524456,-0.246361,-0.747349,
-0.40499,0.229434,0.244367,1.31645,-0.524321,-0.246386,-0.745902,
-0.404907,0.229402,0.244359,1.31643,-0.524371,-0.246542,-0.746811,
-0.404957,0.22953,0.244564,1.31648,-0.524286,-0.246547,-0.74764,
-0.404865,0.229458,0.244429,1.31642,-0.524148,-0.246653,-0.746938,
-0.404826,0.229425,0.244216,1.31629,-0.52414,-0.246508,-0.746526,
-0.404678,0.229817,0.244541,1.31666,-0.524305,-0.246421,-0.747465,
-0.404582,0.229848,0.244558,1.31671,-0.524258,-0.246601,-0.747009,
-0.404652,0.229639,0.244461,1.31641,-0.524429,-0.247147,-0.750119,
-0.40461,0.229804,0.244441,1.31662,-0.524501,-0.246457,-0.747104,
-0.404579,0.229653,0.244315,1.31637,-0.52423,-0.24664,-0.746816,
-0.404647,0.22967,0.24443,1.31643,-0.524207,-0.246741,-0.747255,
-0.404385,0.229794,0.244153,1.31661,-0.524323,-0.24635,-0.74764,
-0.404582,0.229572,0.243972,1.31632,-0.524295,-0.246403,-0.746451,
-0.404476,0.229697,0.244094,1.31645,-0.524283,-0.246556,-0.746812,
-0.404443,0.229749,0.244099,1.31653,-0.524367,-0.246549,-0.74641,
-0.404399,0.229838,0.244141,1.31654,-0.524431,-0.246572,-0.747578,
-0.404409,0.229769,0.243957,1.31662,-0.524771,-0.24632,-0.747793,
-0.404376,0.229732,0.243894,1.31636,-0.524479,-0.246407,-0.748688,
-0.404338,0.229806,0.244191,1.31656,-0.52436,-0.246822,-0.74678,
-0.404211,0.229879,0.244069,1.31661,-0.52422,-0.246846,-0.746718,
-0.404236,0.22981,0.243834,1.31661,-0.524601,-0.246476,-0.746699,
-0.404134,0.230009,0.244063,1.31698,-0.524986,-0.246547,-0.748097,
-0.404193,0.229982,0.244193,1.3169,-0.524808,-0.246786,-0.746191,
-0.404171,0.229959,0.24409,1.31677,-0.524852,-0.246843,-0.747763,
-0.404148,0.229995,0.243928,1.31688,-0.524786,-0.246583,-0.746918,
-0.404085,0.229824,0.243699,1.31678,-0.524903,-0.246554,-0.747692,
-0.404064,0.230008,0.244068,1.31697,-0.524717,-0.246901,-0.747287,
-0.403895,0.230085,0.243934,1.31699,-0.524541,-0.246737,-0.747728,
-0.40389,0.230109,0.243867,1.31702,-0.52472,-0.246606,-0.747018,
-0.403846,0.230169,0.24408,1.31723,-0.524889,-0.247011,-0.747789,
-0.403884,0.229938,0.243735,1.31714,-0.524799,-0.246821,-0.746452,
-0.403821,0.230044,0.243866,1.31715,-0.524853,-0.246901,-0.747422,
-0.403777,0.229962,0.243643,1.31722,-0.524808,-0.246737,-0.747571,
-0.403744,0.229892,0.243505,1.3171,-0.524846,-0.246688,-0.74794,
-0.403713,0.230179,0.243997,1.31724,-0.524631,-0.246943,-0.74812,
-0.403592,0.230114,0.24374,1.31733,-0.524629,-0.246867,-0.74813,
-0.403665,0.229934,0.243622,1.31718,-0.524591,-0.246963,-0.747868,
-0.403533,0.230236,0.243887,1.31749,-0.524855,-0.246916,-0.748923,
-0.403564,0.230059,0.243613,1.31753,-0.524907,-0.246737,-0.748105,
-0.403483,0.230181,0.243787,1.31748,-0.525013,-0.246874,-0.748475,
-0.403508,0.230024,0.243541,1.31756,-0.524904,-0.246902,-0.747935,
-0.40341,0.230006,0.2435,1.31745,-0.524898,-0.246921,-0.748391,
-0.403416,0.230184,0.243742,1.31745,-0.524581,-0.246919,-0.748667,
-0.403292,0.230171,0.243677,1.31765,-0.52487,-0.246912,-0.748898,
-0.403326,0.230041,0.243539,1.31739,-0.524671,-0.246939,-0.748085,
-0.403297,0.230215,0.243689,1.31763,-0.52501,-0.246771,-0.749438,
-0.403222,0.23012,0.243409,1.31759,-0.524981,-0.246615,-0.748968,
-0.403192,0.230185,0.243925,1.31745,-0.524985,-0.247702,-0.750767,
-0.403106,0.230214,0.243637,1.31776,-0.525056,-0.246903,-0.747747,
-0.403014,0.230125,0.243444,1.31759,-0.524917,-0.246878,-0.748727,
-0.403004,0.230307,0.243805,1.31766,-0.524633,-0.24714,-0.748607,
-0.402985,0.230125,0.243483,1.31767,-0.524725,-0.246964,-0.747357,
-0.402921,0.229999,0.243283,1.31755,-0.524657,-0.246886,-0.746604,
-0.402914,0.230265,0.2437,1.31786,-0.525094,-0.247017,-0.748377,
-0.4028,0.230255,0.243551,1.31789,-0.524974,-0.246987,-0.747288,
-0.402817,0.230336,0.243779,1.3179,-0.525027,-0.247089,-0.747747,
-0.402719,0.230327,0.243737,1.31801,-0.524917,-0.247143,-0.746567,
-0.402653,0.23029,0.243699,1.31801,-0.524999,-0.24722,-0.746986,
-0.402707,0.23037,0.243804,1.3178,-0.524563,-0.247166,-0.747316,
-0.402563,0.230375,0.243727,1.31813,-0.524827,-0.247076,-0.747029,
-0.402536,0.230397,0.243793,1.3179,-0.524684,-0.247148,-0.746618,
-0.40261,0.230393,0.24384,1.31805,-0.524767,-0.24719,-0.747235,
-0.402403,0.230509,0.243907,1.31834,-0.524877,-0.247258,-0.746244,
-0.402496,0.230455,0.243976,1.31805,-0.524813,-0.247222,-0.747065,
-0.402409,0.23048,0.243855,1.31832,-0.524735,-0.247251,-0.74672,
-0.402333,0.230404,0.243803,1.31823,-0.524845,-0.247241,-0.746603,
-0.40237,0.230511,0.243987,1.31834,-0.524756,-0.247295,-0.746823,
-0.402202,0.230629,0.24415,1.31843,-0.524637,-0.247435,-0.746917,
-0.402311,0.230246,0.243712,1.31815,-0.524637,-0.247294,-0.746432,
-0.402174,0.230598,0.244087,1.31855,-0.524795,-0.247416,-0.746946,
-0.402204,0.230459,0.244027,1.31847,-0.524795,-0.247545,-0.745772,
-0.40214,0.230541,0.244039,1.31839,-0.524759,-0.247387,-0.747252,
-0.402121,0.23049,0.244027,1.31859,-0.524821,-0.247621,-0.745675,
-0.402026,0.230516,0.244044,1.31864,-0.525009,-0.247554,-0.746427,
-0.402144,0.230514,0.244237,1.31848,-0.524815,-0.24781,-0.746565,
-0.401939,0.230522,0.244069,1.31857,-0.524582,-0.247707,-0.745328,
-0.402015,0.230416,0.243889,1.31841,-0.524748,-0.247584,-0.746268,
-0.401904,0.230638,0.244196,1.31867,-0.524799,-0.247742,-0.746523,
-0.401874,0.23053,0.24403,1.31858,-0.524762,-0.24775,-0.745602,
-0.401816,0.230683,0.244167,1.31861,-0.524833,-0.247736,-0.747003,
-0.401785,0.23043,0.243819,1.31856,-0.524715,-0.247566,-0.746627,
-0.401754,0.230436,0.243821,1.31852,-0.524759,-0.247723,-0.746346,
-0.401798,0.230518,0.244084,1.31847,-0.524743,-0.247693,-0.747408,
-0.401593,0.230448,0.243814,1.31857,-0.524536,-0.247597,-0.745927,
-0.401718,0.230311,0.243734,1.31828,-0.524559,-0.247674,-0.745606,
-0.40158,0.230554,0.244014,1.31847,-0.524466,-0.247822,-0.745588,
-0.401548,0.230455,0.243834,1.31836,-0.524519,-0.247663,-0.745677,
-0.401489,0.230596,0.243949,1.3184,-0.52472,-0.247734,-0.746657,
-0.401529,0.230338,0.243588,1.31816,-0.524443,-0.247442,-0.746246,
-0.401441,0.230359,0.243529,1.31833,-0.52476,-0.247393,-0.747552,
-0.401464,0.230497,0.243986,1.31833,-0.524798,-0.247815,-0.746635,
-0.401277,0.230521,0.243661,1.3183,-0.524686,-0.247359,-0.747314,
-0.401358,0.230326,0.24349,1.31813,-0.524809,-0.247473,-0.746458,
-0.401307,0.230567,0.243825,1.31818,-0.524936,-0.24737,-0.747491,
-0.401231,0.230348,0.243473,1.31831,-0.525192,-0.247347,-0.746684,
-0.401214,0.230458,0.243649,1.31822,-0.525239,-0.247504,-0.747441,
-0.401197,0.230308,0.243406,1.31809,-0.524922,-0.247447,-0.746777,
-0.401114,0.230243,0.243267,1.31805,-0.525095,-0.247324,-0.747554,
-0.401132,0.230373,0.243592,1.31815,-0.525303,-0.247437,-0.748039,
-0.400927,0.230481,0.243551,1.31808,-0.525005,-0.247516,-0.747936,
-0.401015,0.230227,0.243247,1.31797,-0.525348,-0.247385,-0.747165,
-0.400909,0.230549,0.243691,1.31815,-0.52522,-0.247529,-0.748004,
-0.40094,0.230337,0.243383,1.31796,-0.525308,-0.247481,-0.747188,
-0.400857,0.230506,0.243697,1.31795,-0.52533,-0.24758,-0.747273,
-0.400837,0.230332,0.243406, 1.318,-0.525527,-0.247448,-0.747615,
-0.400786,0.230204,0.243224,1.31785,-0.525616,-0.247339,-0.748351,
-0.400821,0.230344,0.243676,1.31793,-0.525405,-0.247923,-0.747056,
-0.400607,0.230538,0.24363,1.31803,-0.525567,-0.247677,-0.748803,
-0.400641,0.230392,0.243522,1.31779,-0.525437,-0.247708,-0.746697,
-0.400627,0.230533,0.243692,1.31799,-0.525587,-0.247793,-0.747709,
-0.400576,0.230613,0.243902,1.31779,-0.52546,-0.247918,-0.747405,
-0.400555,0.230488,0.243689,1.31786,-0.525624,-0.247884,-0.747129,
-0.400494,0.230542,0.243707,1.31782,-0.52555,-0.247798,-0.747735,
-0.400533,0.230458,0.243782,1.31765,-0.52566,-0.247893,-0.746502,
-0.400526,0.230593, 0.244,1.31774,-0.525623,-0.247963,-0.747339,
-0.400349,0.23058,0.243827,1.31774,-0.525493,-0.247996,-0.746846,
-0.40046,0.230531,0.243858,1.31765,-0.525693,-0.24803,-0.746733,
-0.400408,0.230647,0.243893,1.31782,-0.525859,-0.247784,-0.748051,
-0.40037,0.230447,0.243798,1.31763,-0.525478,-0.24807,-0.746641,
-0.400364,0.230647,0.244095,1.31772,-0.525821,-0.248062,-0.746313,
-0.400251,0.230499,0.24379,1.31777,-0.525649,-0.248088,-0.746471,
-0.400332,0.230406,0.243751,1.31749,-0.525624,-0.24801,-0.746061,
-0.400292,0.230679,0.244139,1.31775,-0.525542,-0.248228,-0.746819,
-0.400222,0.230539,0.243843,1.31772,-0.525733,-0.24791,-0.746727,
-0.400208,0.230453,0.243716,1.31753,-0.52562,-0.247896,-0.74581,
-0.400129,0.230579,0.243915,1.31782,-0.525866,-0.247892,-0.746077,
-0.400154,0.230406,0.243723,1.31761,-0.525838,-0.247868,-0.746167,
-0.400065,0.230683,0.244087,1.31771,-0.526004,-0.247999,-0.745966,
-0.400078,0.230412,0.243656,1.31764,-0.525906,-0.247749,-0.745435,
-0.400059,0.230353,0.243718,1.31746,-0.525795,-0.24791,-0.744917,
-0.400017,0.230563,0.243941,1.3176,-0.525695,-0.247999,-0.746814,
-0.399876,0.230453,0.243659,1.31765,-0.525704,-0.247873,-0.745974,
-0.399867,0.230481,0.243696,1.31768,-0.526082,-0.247676,-0.745764,
-0.399852,0.230574,0.243847,1.31771,-0.526166,-0.247754,-0.747618,
-0.399833,0.230416,0.24362,1.31758,-0.525945,-0.247641,-0.746082,
-0.399709,0.230587,0.24386,1.3177,-0.526109,-0.247779,-0.746723,
-0.399687,0.230526,0.243721,1.31765,-0.526169,-0.247488,-0.746898,
-0.399675,0.230271,0.243433,1.31749,-0.526171,-0.247531,-0.746169,
-0.399613,0.230502,0.243867,1.31763,-0.525919,-0.247847,-0.746171,
-0.399546,0.2303,0.243344,1.31757,-0.52617,-0.247413,-0.746545,
-0.399534,0.230367,0.243569,1.31762,-0.526474,-0.247438,-0.746737,
-0.399471,0.230482,0.243734,1.31784,-0.526658,-0.247547,-0.747038,
-0.399433,0.230335,0.243452,1.3178,-0.526611,-0.247335,-0.746893,
-0.399406,0.230463,0.243706,1.31777,-0.526751,-0.247422,-0.747455,
-0.399335,0.230308,0.243326,1.31788,-0.526795,-0.247172,-0.747149,
-0.39931,0.230328,0.243491,1.31774,-0.526882,-0.247339,-0.747123,
-0.399266,0.230538,0.243852,1.31779,-0.526804,-0.247433,-0.747327,
-0.399169,0.230465,0.243591,1.31777,-0.526775,-0.247148,-0.748325,
-0.399161,0.230489,0.243754,1.31767,-0.526787,-0.24737,-0.746979,
-0.39915,0.230515,0.243722,1.31772,-0.526739,-0.247374,-0.747888,
-0.399096,0.230487,0.243665,1.31783,-0.527157,-0.247078,-0.747448,
-0.399072,0.230488,0.243762,1.31767,-0.52702,-0.247225,-0.747622,
-0.398973,0.230634,0.243834,1.31791,-0.527319,-0.247113,-0.747846,
-0.398963,0.230382,0.243555,1.31788,-0.52744,-0.24718,-0.748271,
-0.398971,0.230469,0.24379,1.31774,-0.527033,-0.247319,-0.747578,
-0.398805,0.230543,0.243776,1.31794,-0.52737,-0.24715,-0.74753,
-0.398955,0.230353,0.243712,1.31771,-0.527218,-0.247354,-0.746946,
-0.398816,0.230572,0.243792,1.31802,-0.527472,-0.247174,-0.748929,
-0.398927,0.230361,0.243593,1.31785,-0.527343,-0.247076,-0.748014,
-0.398818,0.230578,0.243891,1.31796,-0.527536,-0.247278,-0.749051,
-0.398863,0.230434,0.243741,1.31773,-0.527231,-0.247241,-0.74784,
-0.398756,0.230474,0.243712,1.31797,-0.527762,-0.24716,-0.748862,
-0.398802,0.230625,0.244039,1.3179,-0.527303,-0.247433,-0.748015,
-0.398709,0.230546,0.243776,1.3181,-0.527609,-0.247152,-0.748006,
-0.398787,0.23053,0.243862,1.31776,-0.527406,-0.247248,-0.747298,
-0.398771,0.230668,0.244042, 1.318,-0.527822,-0.247331,-0.748421,
-0.398759,0.230695,0.243906,1.31803,-0.527926,-0.247034,-0.749953,
-0.398775,0.230718,0.244393,1.31766,-0.527701,-0.248001,-0.750179,
-0.398722,0.230782,0.244027,1.31808,-0.527889,-0.247214,-0.748643,
-0.398772,0.230603,0.243862,1.31796,-0.527989,-0.247132,-0.748575,
-0.398822,0.230735,0.244242,1.31792,-0.527774,-0.247562,-0.748424,
-0.398802,0.230546,0.243798,1.31785,-0.527885,-0.247254,-0.747989,
-0.398811,0.230686,0.244079,1.3178,-0.527823,-0.247426,-0.746704,
-0.398834,0.230875,0.244327, 1.318,-0.528467,-0.247336,-0.748012,
-0.398912,0.230695,0.24405,1.31789,-0.528435,-0.247248,-0.747869,
-0.398911,0.230901,0.244441,1.31788,-0.528606,-0.247397,-0.746974,
-0.398937,0.230932,0.244386,1.31808,-0.529081,-0.247185,-0.747418,
-0.399019,0.230822,0.244297,1.31794,-0.529246,-0.247216,-0.747156,
-0.399126,0.230956,0.244495,1.31793,-0.529108,-0.247185,-0.74779,
-0.399122,0.231028,0.244482,1.31804,-0.529621,-0.246961,-0.747522,
-0.399224,0.231041,0.244528,1.31808,-0.529998,-0.246824,-0.747306,
-0.399353,0.231174,0.244634,1.31826,-0.530532,-0.246705,-0.748572,
-0.39944,0.231059,0.244511,1.31826,-0.5308,-0.246464,-0.747049,
-0.39959,0.231242,0.24468,1.31819,-0.531344,-0.246093,-0.74914,
-0.39977,0.231074,0.244346,1.3182,-0.531858,-0.245685,-0.748212,
-0.399861,0.231027,0.244131,1.31831,-0.532353,-0.245289,-0.74872,
-0.400141,0.231133,0.244452,1.31836,-0.532866,-0.245122,-0.74861,
-0.400168,0.23128,0.24435,1.31848,-0.533454,-0.244603,-0.749333,
-0.40054,0.231238,0.24422,1.31845,-0.534176,-0.244252,-0.748342,
-0.400777,0.231378,0.244286,1.31871,-0.535075,-0.243815,-0.749388,
-0.40106,0.231323,0.244076,1.31863,-0.535726,-0.24313,-0.749016,
-0.401301,0.231546,0.244273,1.31905,-0.536958,-0.242969,-0.750115,
-0.401618,0.2314,0.243685,1.31931,-0.53807,-0.242015,-0.750577,
-0.402056,0.231454,0.243743,1.31932,-0.539407,-0.241405,-0.752501,
-0.402485,0.23164,0.243767,1.31962,-0.540353,-0.240785,-0.7521,
-0.402673,0.231724,0.243237,1.3203,-0.541914,-0.239494,-0.752871,
-0.403252,0.23171,0.243041,1.32026,-0.543202,-0.238585,-0.752431,
-0.403688,0.232034,0.243053,1.32082,-0.544721,-0.237721,-0.754734,
-0.404103,0.232148,0.242447,1.32135,-0.546326,-0.235976,-0.754535,
-0.40471,0.232327,0.242729,1.32151,-0.548092,-0.236074,-0.758112,
-0.405228,0.232331,0.241935,1.32226,-0.549467,-0.234071,-0.755002,
-0.405832,0.232314,0.241667,1.32262,-0.551129,-0.233145,-0.755672,
-0.4065,0.232586,0.241655,1.32345,-0.553451,-0.232559,-0.761582,
-0.407123,0.232765,0.240608,1.32445,-0.555489,-0.229897,-0.756114,
-0.407983,0.232808,0.240154,1.32502,-0.557561,-0.22852,-0.756376,
-0.408697,0.233323,0.240362,1.32619,-0.559883,-0.227673,-0.756576,
-0.409513,0.2334,0.239688,1.32727,-0.561655,-0.225951,-0.758723,
-0.410297,0.233899,0.239439,1.32837,-0.564058,-0.224254,-0.759486,
-0.411247,0.234061,0.238809,1.32964,-0.565903,-0.222432,-0.760161,
-0.412047,0.234232,0.238114,1.33105,-0.56852,-0.220795,-0.760694,
-0.41313,0.23483,0.238256,1.33248,-0.570297,-0.219507,-0.762536,
-0.413913,0.235168,0.237495,1.33427,-0.572578,-0.217276,-0.763349,
-0.415132,0.235269,0.237246,1.33509,-0.574564,-0.217121,-0.767837,
-0.416192,0.236197,0.237438,1.33722,-0.57701,-0.215242,-0.771215,
-0.417287,0.236499,0.236881,1.3391,-0.578928,-0.214231,-0.772166,
-0.418486,0.237109,0.236997,1.34108,-0.581683,-0.212807,-0.776985,
-0.419778,0.237344,0.236323,1.34308,-0.582946,-0.210694,-0.778857,
-0.420856,0.237752,0.23573,1.34557,-0.585085,-0.20904,-0.781022,
-0.422575,0.238547,0.236141,1.34737,-0.586262,-0.208473,-0.782096,
-0.423892,0.239126,0.235522,1.34983,-0.587905,-0.207076,-0.782868,
-0.425403,0.239754,0.235924,1.35183,-0.589263,-0.206659,-0.782481,
-0.426996,0.24034,0.235177,1.35447,-0.590116,-0.204414,-0.787958,
-0.428576,0.240899,0.23471,1.35701,-0.591015,-0.203013,-0.788463,
-0.430314,0.241609,0.234529,1.35959,-0.592033,-0.2021,-0.789423,
-0.432065,0.242326,0.234204,1.36241,-0.59277,-0.200375,-0.792401,
-0.433972,0.24301,0.233613,1.36465,-0.590154,-0.197384,-0.797012,
-0.435929,0.243642,0.233991,1.36831,-0.593567,-0.197795,-0.796496,
-0.437792,0.244298,0.233175,1.37094,-0.592101,-0.196057,-0.797368,
-0.439871,0.245183,0.233497,1.37383,-0.591913,-0.19561,-0.803264,
-0.442137,0.246032,0.233761,1.37749,-0.593941,-0.195643,-0.801386,
-0.444245,0.24697,0.234615,1.38108,-0.594701,-0.196181,-0.798486,
-0.446735,0.247763,0.23519,1.38408,-0.593487,-0.19582,-0.7966,
-0.448957,0.248264,0.234882,1.38757,-0.593506,-0.195902,-0.794556,
-0.45167,0.249554,0.235982,1.39102,-0.593319,-0.19581,-0.790881,
-0.45421,0.250377,0.236382,1.3944,-0.592435,-0.195699,-0.786789,
-0.456652,0.251421,0.236881,1.39736,-0.590944,-0.196235,-0.78396,
-0.459527,0.252465,0.237386,1.4014,-0.590583,-0.195455,-0.784334,
-0.462338,0.253514,0.237789,1.40485,-0.588876,-0.196331,-0.778649,
-0.465251,0.254614,0.23825,1.40861,-0.587906,-0.196895,-0.776224,
-0.468326,0.255625,0.239144,1.41221,-0.586556,-0.198249,-0.779056,
-0.471448,0.256642,0.239953,1.41624,-0.585664,-0.199193,-0.780296,
-0.474734,0.25785,0.241076,1.41984,-0.584127,-0.199911,-0.778852,
-0.478045,0.259048,0.241855,1.42368,-0.583317,-0.201641,-0.775206,
-0.48132,0.260177,0.242002,1.42755,-0.582102,-0.201738,-0.771728,
-0.484655,0.261133,0.242275,1.43129,-0.580736,-0.202459,-0.766758,
-0.488035,0.262226,0.242669,1.43565,-0.579881,-0.203034,-0.765743,
-0.491591,0.262941,0.242983,1.43898,-0.577048,-0.20374,-0.759818,
-0.495053,0.264005,0.24349,1.44326,-0.576483,-0.205227,-0.758487,
-0.498786,0.265057,0.244141,1.44725,-0.57465,-0.206252,-0.753279,
-0.50242,0.265947,0.244227,1.45141,-0.573102,-0.20821,-0.752593,
-0.505991,0.266638,0.244162,1.45585,-0.573272,-0.209649,-0.748859,
-0.509657,0.267147,0.243623,1.45999,-0.571574,-0.210264,-0.753847,
-0.513426,0.268079,0.243733,1.46415,-0.570559,-0.211542,-0.755667,
-0.517274,0.268943,0.243677,1.46882,-0.570147,-0.212337,-0.75739,
-0.521143,0.269639,0.243443,1.47326,-0.568921,-0.212679,-0.756806,
-0.525248,0.270434,0.243336,1.47749,-0.567847,-0.213203,-0.757573,
-0.529296,0.271093,0.243133,1.4818,-0.567034,-0.213672,-0.757935,
-0.533368,0.272225,0.243202,1.48635,-0.566876,-0.214804,-0.75732,
-0.537661,0.272809,0.243137,1.49008,-0.564999,-0.216156,-0.759574,
-0.541892,0.273551,0.242914,1.4947,-0.564356,-0.21712,-0.761322,
-0.545993,0.274485,0.242853,1.49943,-0.563635,-0.21753,-0.76409,
-0.550517,0.275112,0.24194,1.5037,-0.562964,-0.216994,-0.768602,
-0.555113,0.27617,0.242249,1.50783,-0.562848,-0.218593,-0.76861,
-0.559835,0.277256,0.242224,1.51204,-0.562468,-0.21925,-0.769863,
-0.564374,0.278239,0.241954,1.51682,-0.560423,-0.219402,-0.767204,
-0.568533,0.278754,0.240304,1.52123,-0.559151,-0.21845,-0.764233,
-0.572488,0.278493,0.238999,1.52585,-0.558074,-0.220011,-0.76676,
-0.576981,0.279447,0.238657,1.53024,-0.556417,-0.219832,-0.770927,
-0.581321,0.279603,0.23852,1.53443,-0.554469,-0.221113,-0.766626,
-0.585842,0.280299,0.237911,1.53877,-0.553236,-0.221974,-0.767091,
-0.58994,0.279958,0.236898,1.54288,-0.5512,-0.221555,-0.76269,
-0.594619,0.281026,0.236672,1.54694,-0.549357,-0.221875,-0.758771,
-0.599056,0.281491,0.237764,1.55032,-0.546794,-0.226799,-0.749108,
-0.60398,0.282151,0.237745,1.55366,-0.54459,-0.228394,-0.744669,
-0.608934,0.283108,0.237797,1.55759,-0.542962,-0.22968,-0.74408,
-0.613944,0.284364,0.238237,1.56135,-0.541258,-0.230713,-0.743626,
-0.618897,0.284912,0.238241,1.56521,-0.539256,-0.230804,-0.74305,
-0.623517,0.285081,0.238093,1.56893,-0.537759,-0.233642,-0.740706,
-0.628078,0.285326,0.237885,1.57248,-0.536218,-0.235441,-0.740925,
-0.633159,0.28638,0.238098,1.57591,-0.534738,-0.236438,-0.740544,
-0.638198,0.286992,0.238272,1.57919,-0.533531,-0.238547,-0.739213,
-0.643216,0.28781,0.238425,1.58254,-0.532074,-0.240073,-0.739247,
-0.648257,0.288386,0.23848,1.58615,-0.530825,-0.24141,-0.738101,
-0.653889,0.289802,0.239879,1.5892,-0.529995,-0.243491,-0.745051,
-0.659429,0.29078,0.241299, 1.592,-0.52789,-0.245413,-0.746159,
-0.66485,0.29232,0.242467,1.59535,-0.52825,-0.248221,-0.749487,
-0.67021,0.293164,0.242915,1.59911,-0.528449,-0.248946,-0.754475,
-0.675524,0.294404,0.243982,1.60174,-0.52597,-0.250697,-0.750125,
-0.680851,0.295375,0.244623,1.60477,-0.52507,-0.251769,-0.75112,
-0.686085,0.296015,0.244612,1.60798,-0.524614,-0.251324,-0.759086,
-0.6915,0.296748,0.245169,1.61101,-0.524408,-0.252849,-0.760033,
-0.696713,0.297796,0.245339,1.6139,-0.52356,-0.252883,-0.770118,
-0.701976,0.298598,0.246567,1.61604,-0.521571,-0.255256,-0.770066,
-0.707231,0.299518,0.246938, 1.619,-0.521154,-0.255394,-0.773456,
-0.712483,0.30039,0.248153,1.62157,-0.520129,-0.257226,-0.770089,
-0.717731,0.301368,0.248268,1.62433,-0.519857,-0.256926,-0.775526,
-0.722901,0.302082,0.249551,1.62589,-0.516632,-0.259366,-0.763858,
-0.727971,0.302964,0.250438,1.62884,-0.516741,-0.26085,-0.7639,
-0.733003,0.303766,0.252108,1.63032,-0.513328,-0.263794,-0.749291,
-0.738101,0.304623,0.25274,1.63287,-0.513211,-0.264776,-0.749154,
-0.743289,0.305213,0.251325,1.63641,-0.515844,-0.262154,-0.769325,
-0.748266,0.305996,0.252002,1.63852,-0.514432,-0.263034,-0.76522,
-0.753199,0.306763,0.251835,1.64113,-0.515535,-0.261654,-0.774963,
-0.758279,0.307534,0.252552,1.64324,-0.514806,-0.262276,-0.773172,
-0.763289,0.308362,0.252947,1.64507,-0.514311,-0.262009,-0.775527,
-0.768483,0.309313,0.253996,1.64676,-0.514312,-0.262966,-0.775507,
-0.77364,0.309857,0.254462,1.64845,-0.513899,-0.263314,-0.774439,
-0.777486,0.310076,0.254041,1.65071,-0.512729,-0.263064,-0.763946,
-0.780942,0.30961,0.251632,1.65379,-0.513971,-0.260373,-0.763911,
-0.784711,0.309385,0.250294,1.65623,-0.513576,-0.259134,-0.759107,
-0.788792,0.309487,0.249721,1.65812,-0.513302,-0.258633,-0.756585,
-0.797172,0.314787,0.257997,1.65644,-0.514649,-0.262661,-0.757353,
-0.801892,0.315733,0.258899,1.65762,-0.513992,-0.26194,-0.759156,
-0.806898,0.316978,0.260282,1.65836,-0.51485,-0.262438,-0.762655,
-0.811912,0.318226,0.262323,1.6589,-0.514642,-0.26373,-0.759503,
-0.8168,0.319141,0.262716,1.65975,-0.515543,-0.263155,-0.766381,
-0.821441,0.31961,0.263207,1.66098,-0.515857,-0.262761,-0.768113,
-0.825846,0.320268,0.264063,1.66228,-0.516875,-0.262673,-0.769086,
-0.830848,0.321019,0.264945,1.66264,-0.516311,-0.262553,-0.767077,
-0.83517,0.321488,0.265296,1.66369,-0.517888,-0.261874,-0.768175,
-0.839847,0.322387,0.266697,1.66396,-0.518264,-0.262291,-0.769419,
-0.845212,0.323825,0.267846,1.66356,-0.518852,-0.261638,-0.7773,
-0.849797,0.32436,0.269714,1.66287,-0.517861,-0.265047,-0.773612,
-0.854195,0.324323,0.269996,1.66275,-0.518727,-0.266967,-0.796457,
-0.858619,0.324274,0.270353,1.66312,-0.518953,-0.266286,-0.796788,
-0.863077,0.324794,0.270943,1.66345,-0.51944,-0.26713,-0.80155,
-0.867455,0.325935,0.272489,1.66266,-0.518893,-0.267463,-0.802607,
-0.871784,0.327009,0.273804,1.66202,-0.518208,-0.268103,-0.80429,
-0.876103,0.327148,0.274662,1.66285,-0.520473,-0.267139,-0.796429,
-0.880338,0.327284,0.274069,1.66423,-0.524852,-0.264894,-0.802715,
-0.88438,0.327356,0.274597,1.66424,-0.525216,-0.264863,-0.792801,
-0.888493,0.32786,0.27491,1.66446,-0.527307,-0.263621,-0.790897,
-0.892505,0.328215,0.275802,1.66461,-0.529737,-0.263659,-0.787651,
-0.896451,0.328675,0.27626,1.66496,-0.530952,-0.262621,-0.783993,
-0.900392,0.329181,0.277096,1.6647,-0.533632,-0.261744,-0.785339,
-0.904362,0.329487,0.277721,1.66442,-0.536055,-0.261655,-0.783397,
-0.908144,0.330006,0.27828,1.66406,-0.538017,-0.260834,-0.783043,
-0.911931,0.330307,0.278927,1.66348,-0.539354,-0.260324,-0.780054,
-0.915464,0.330597,0.279453,1.66313,-0.540944,-0.259843,-0.779376,
-0.919349,0.330274,0.279867,1.66203,-0.542344,-0.258031,-0.778354,
-0.922563,0.330504,0.279819,1.66149,-0.543894,-0.256336,-0.775094,
-0.926224,0.330495,0.28016,1.66058,-0.545526,-0.255774,-0.775459,
-0.929119,0.330833,0.280393,1.66038,-0.547213,-0.254564,-0.773958,
-0.932737,0.331277,0.281499,1.65882,-0.548644,-0.254972,-0.769898,
-0.935858,0.331344, 0.281,1.65862,-0.551868,-0.252204,-0.779046,
-0.938993,0.331608,0.281775,1.65701,-0.551993,-0.251746,-0.773011,
-0.942476,0.331804,0.282144,1.65584,-0.553779,-0.25136,-0.770636,
-0.945695,0.331968,0.282678,1.65431,-0.554971,-0.250229,-0.772067,
-0.948744,0.332137,0.283097,1.65318,-0.556221,-0.249476,-0.769773,
-0.951879,0.332319,0.283501,1.65163,-0.558875,-0.249207,-0.772051,
-0.954646,0.332417,0.284009,1.65034,-0.560727,-0.248581,-0.772666,
-0.957881,0.332838,0.28424,1.64897,-0.563195,-0.247009,-0.774616,
-0.960565,0.332964,0.28518,1.64723,-0.563961,-0.247274,-0.770253,
-0.962836,0.333064,0.285183,1.64639,-0.566645,-0.246163,-0.774736,
-0.965653,0.333268,0.285658,1.64467,-0.56808,-0.245333,-0.773191,
-0.967994,0.333608,0.28593,1.64339,-0.569823,-0.244297,-0.774871,
-0.970466,0.333755,0.286381,1.64172,-0.57142,-0.243645,-0.772947,
-0.972997,0.334023,0.286689,1.6403,-0.573121,-0.241936,-0.774339,
-0.975006,0.334143,0.287452,1.6387,-0.575249,-0.242261,-0.772623,
-0.977477,0.334595,0.287229,1.63753,-0.57846,-0.239708,-0.780473,
-0.979499,0.334734,0.287864,1.63556,-0.578684,-0.239126,-0.774567,
-0.981354,0.335116,0.288106,1.63411,-0.580395,-0.23837,-0.774251,
-0.983575,0.335215,0.288568,1.63219,-0.58205,-0.237583,-0.774836,
-0.985563,0.335496,0.288784,1.6308,-0.583749,-0.236089,-0.776672,
-0.987302,0.335784,0.28916,1.62897,-0.585621,-0.235413,-0.776123,
-0.989389,0.335948,0.289427,1.62738,-0.587834,-0.234426,-0.777909,
-0.990845,0.336272,0.289635,1.62592,-0.589578,-0.233283,-0.780154,
-0.99255,0.336658,0.290654,1.62378,-0.589891,-0.233493,-0.771773,
-0.993899,0.336932,0.290518,1.6226,-0.592517,-0.232162,-0.778516,
-0.995419,0.337009,0.290661, 1.621,-0.594145,-0.230955,-0.778258,
-0.996912,0.33716,0.290816,1.61943,-0.595515,-0.230048,-0.77573,
-0.998285,0.337585,0.290899,1.61794,-0.597323,-0.228485,-0.77618,
-0.999535,0.337789,0.29098,1.61628,-0.598216,-0.227159,-0.774758,
-1.00103,0.338051,0.291249,1.61499,-0.601088,-0.226379,-0.774884,
-1.002,0.338138,0.291327,1.61367,-0.602566,-0.225438,-0.775114,
-1.00349,0.338457,0.291535,1.61163,-0.603312,-0.224198,-0.77301,
-1.00452,0.338617,0.291779,1.61057,-0.605922,-0.223889,-0.77132,
-1.00555,0.338726,0.292158,1.6089,-0.60711,-0.223595,-0.768479,
-1.00671,0.338963,0.292131,1.60747,-0.608558,-0.222278,-0.767329,
-1.00797,0.339142,0.292516,1.60569,-0.610256,-0.22196,-0.767482,
-1.00912,0.339074,0.292629,1.60416,-0.611847,-0.221014,-0.766768,
-1.0101,0.339585,0.292654,1.60331,-0.614721,-0.219876,-0.767201,
-1.01097,0.339561,0.293455,1.60129,-0.614799,-0.220744,-0.760493,
-1.01177,0.33973,0.293157,1.60007,-0.616869,-0.219574,-0.763407,
-1.01257,0.339851,0.293537,1.59836,-0.617829,-0.219675,-0.761659,
-1.01329,0.339898,0.293485,1.59701,-0.619346,-0.21897,-0.762646,
-1.01409,0.340086,0.293519,1.59545,-0.620329,-0.218458,-0.760156,
-1.01484,0.340333,0.293516,1.59406,-0.621684,-0.217625,-0.760393,
-1.0156,0.340324,0.293678,1.59226,-0.622493,-0.217427,-0.758976,
-1.01625,0.340636,0.293661, 1.591,-0.623659,-0.216735,-0.760156,
-1.01667,0.340643,0.293737,1.58952,-0.624258,-0.216517,-0.757892,
-1.01749,0.340964,0.293599,1.58798,-0.625461,-0.215471,-0.758763,
-1.01791,0.341073,0.293742,1.58652,-0.626078,-0.215271,-0.756784,
-1.01836,0.341167,0.293262,1.58535,-0.627402,-0.21397,-0.758733,
-1.01896,0.341284,0.293113,1.58394,-0.628544,-0.213561,-0.758318,
-1.01949,0.341676,0.29291,1.58265,-0.629651,-0.212713,-0.759781,
-1.01986,0.341801,0.292662,1.5813,-0.630407,-0.211993,-0.758957,
-1.02042,0.34208,0.292768,1.57976,-0.630873,-0.211944,-0.758282,
-1.02061,0.342197,0.292678,1.57851,-0.631382,-0.211686,-0.756285,
-1.02124,0.342395,0.292399,1.57701,-0.63226,-0.210869,-0.755946,
-1.02153,0.342464,0.292327,1.57567,-0.632602,-0.210747,-0.754549,
-1.02191,0.342678,0.292052,1.5744,-0.633668,-0.20996,-0.756015,
-1.02228,0.342875,0.291526,1.57325,-0.63479,-0.209233,-0.756656,
-1.02273,0.343145,0.291567,1.57191,-0.635696,-0.20908,-0.756886,
-1.02299,0.343319,0.29126,1.57078,-0.636822,-0.208684,-0.75777,
-1.02344,0.343472,0.290808,1.56941,-0.637043,-0.207895,-0.758066,
-1.02351,0.343567,0.290568,1.56846,-0.638029,-0.207643,-0.758405,
-1.02407,0.3439,0.290324,1.5671,-0.638686,-0.207222,-0.758886,
-1.02427,0.344039,0.290118,1.56609,-0.639559,-0.207053,-0.759275,
-1.02449,0.344122,0.289831,1.56493,-0.63999,-0.20682,-0.759013,
-1.02479,0.344311,0.289426,1.56383,-0.640566,-0.206328,-0.759046,
-1.02514,0.344617,0.289468,1.56254,-0.640899,-0.206351,-0.759457,
-1.02526,0.344617,0.289359,1.56142,-0.640913,-0.206615,-0.756966,
-1.0257,0.344928,0.289076,1.56035,-0.641607,-0.20617,-0.75928,
-1.02581,0.345078,0.289055,1.55932,-0.641765,-0.206205,-0.758719,
-1.02628,0.345347,0.288861,1.55809,-0.64209,-0.20623,-0.75934,
-1.02643,0.345481,0.288888,1.55692,-0.641707,-0.206376,-0.757069,
-1.02671,0.345767,0.288807,1.55604,-0.642388,-0.206276,-0.759143,
-1.02699,0.346017,0.288836,1.55487,-0.641641,-0.206807,-0.756014,
-1.02744,0.346485,0.289082,1.55361,-0.641678,-0.206985,-0.757188,
-1.02761,0.346724,0.288992,1.55285,-0.641954,-0.207024,-0.757815,
-1.02797,0.347074,0.288915,1.55196,-0.641907,-0.206938,-0.759586,
-1.02806,0.347271,0.289318,1.55085,-0.641145,-0.207943,-0.756287,
-1.02851,0.347674,0.289363,1.54989,-0.641455,-0.207822,-0.757156,
-1.02878,0.348146,0.289803,1.54888,-0.640888,-0.208282,-0.755926,
-1.02894,0.34844,0.289676,1.54826,-0.640972,-0.20787,-0.7581,
-1.02929,0.348723,0.289427,1.54748,-0.640848,-0.207364,-0.758448,
-1.02962,0.349149,0.290318,1.54623,-0.639926,-0.208611,-0.754606,
-1.02989,0.34954,0.290022,1.5458,-0.640929,-0.207566,-0.758612,
-1.03024,0.349837,0.290407,1.5449,-0.640316,-0.20808,-0.758115,
-1.0304,0.350075,0.290535,1.54409,-0.63998,-0.208081,-0.757144,
-1.03082,0.350475,0.290749,1.54329,-0.640058,-0.208021,-0.75783,
-1.03099,0.350772,0.291067,1.54255,-0.639813,-0.208066,-0.757725,
-1.03125,0.351095,0.291351,1.54187,-0.639814,-0.208113,-0.758658,
-1.03151,0.351352,0.291577,1.54108,-0.63923,-0.208293,-0.755445,
-1.03183,0.351882,0.291894,1.54039,-0.639161,-0.207858,-0.756882,
-1.03205,0.352093,0.292255,1.53966,-0.638984,-0.208211,-0.75588,
-1.0324,0.352494,0.292213,1.5392,-0.639126,-0.207512,-0.758185,
-1.03251,0.352815,0.292288,1.53889,-0.63979,-0.206937,-0.761603,
-1.03287,0.353266,0.292871,1.53815,-0.639366,-0.207316,-0.758786,
-1.03303,0.353637,0.292921,1.53772,-0.639606,-0.206466,-0.761698,
-1.03323,0.353869,0.292484,1.53757,-0.640726,-0.204959,-0.768444,
-1.03346,0.354195,0.293536,1.53669,-0.63939,-0.206481,-0.759325,
-1.03377,0.354608,0.294005,1.53611,-0.639368,-0.206427,-0.760586,
-1.03391,0.354824,0.294227,1.53562,-0.63924,-0.206389,-0.759051,
-1.03424,0.355281,0.2947,1.53509,-0.639149,-0.206451,-0.759813,
-1.03427,0.355491,0.294767,1.53489,-0.639555,-0.205881,-0.761206,
-1.03463,0.35591,0.295449,1.53416,-0.639208,-0.206206,-0.758831,
-1.03474,0.356118,0.29576,1.53373,-0.639038,-0.206304,-0.758125,
-1.03485,0.356429,0.296375,1.53322,-0.638535,-0.206652,-0.755599,
-1.03507,0.356759,0.296651,1.53291,-0.638798,-0.206506,-0.755764,
-1.03534,0.357075,0.297248,1.53235,-0.638556,-0.206835,-0.754207,
-1.03542,0.357296,0.296948,1.53233,-0.639386,-0.205593,-0.757446,
-1.03568,0.357538,0.297392,1.5319,-0.639364,-0.20581,-0.758091,
-1.03568,0.357743,0.29737,1.53184,-0.639584,-0.205274,-0.759214,
-1.03602,0.358029,0.297945,1.53123,-0.639293,-0.205669,-0.757417,
-1.03608,0.358221,0.298023,1.53105,-0.639482,-0.205352,-0.758761,
-1.03627,0.358457,0.298293,1.53079,-0.639723,-0.205167,-0.759753,
-1.03631,0.358639,0.298238,1.5307,-0.639787,-0.204653,-0.76006,
-1.03654,0.358872,0.298584,1.53027,-0.639548,-0.204701,-0.759318,
-1.03661,0.35904,0.29886,1.52987,-0.639214,-0.20476,-0.758308,
-1.03681,0.359228,0.299016,1.52962,-0.639142,-0.204711,-0.759148,
-1.03676,0.359317,0.299272,1.5294,-0.638936,-0.204922,-0.758168,
-1.03699,0.359579,0.298979,1.52938,-0.639634,-0.20394,-0.762226,
-1.03705,0.359703,0.299545,1.52889,-0.638774,-0.204686,-0.758905,
-1.03708,0.35981,0.299568,1.52875,-0.638796,-0.204572,-0.75995,
-1.03717,0.359919,0.299497,1.52864,-0.638693,-0.204408,-0.759384,
-1.03738,0.360191,0.299773,1.52827,-0.638378,-0.204491,-0.75896,
-1.03737,0.360285,0.299801,1.5282,-0.638545,-0.204434,-0.759769,
-1.0375,0.360451,0.30027,1.52784,-0.63781,-0.205301,-0.757976,
-1.03745,0.360491,0.300252,1.52785,-0.638049,-0.205125,-0.759527,
-1.03764,0.360657,0.300005,1.5278,-0.638357,-0.204531,-0.761725,
-1.03768,0.360799,0.30051,1.52755,-0.63792,-0.205256,-0.75989,
-1.03764,0.360884,0.300349,1.52761,-0.638227,-0.205013,-0.761843,
-1.03768,0.360893,0.300365,1.52752,-0.637881,-0.205241,-0.759962,
-1.03781,0.361174,0.300636,1.52732,-0.637723,-0.205394,-0.760797,
-1.03772,0.361132,0.30055,1.52729,-0.637724,-0.205404,-0.760065,
-1.0378,0.361272,0.300756,1.5271,-0.637284,-0.205977,-0.759599,
-1.03777,0.36133,0.300643,1.52717,-0.637487,-0.205625,-0.76093,
-1.03778,0.361374,0.300517,1.52719,-0.637446,-0.205676,-0.760874,
-1.03773,0.361463,0.300734,1.52704,-0.636853,-0.205995,-0.759504,
-1.03769,0.361472,0.300766,1.52701,-0.636849,-0.206149,-0.760701,
-1.03769,0.361541,0.300429,1.52719,-0.637008,-0.205647,-0.760738,
-1.03774,0.36163,0.300511,1.52709,-0.636967,-0.205711,-0.761743,
-1.0377,0.361662,0.300691,1.52689,-0.636461,-0.206125,-0.759351,
-1.03772,0.361716,0.3005,1.52695,-0.636457,-0.205974,-0.7609,
-1.03757,0.361687,0.300692,1.52684,-0.635923,-0.206422,-0.758543,
-1.03762,0.361785,0.300562,1.5268,-0.635876,-0.206293,-0.759303,
-1.03758,0.361912,0.300694,1.52684,-0.635979,-0.206411,-0.760019,
-1.03758,0.361957,0.300679,1.52681,-0.635883,-0.206316,-0.760908,
-1.03747,0.361899,0.300453,1.52691,-0.635653,-0.206341,-0.759448,
-1.03766,0.362133,0.3005,1.52682,-0.635979,-0.206006,-0.762254,
-1.03755,0.362105,0.300507,1.52679,-0.635787,-0.206201,-0.761173,
-1.0376,0.362236,0.300479,1.52674,-0.635412,-0.20619,-0.761161,
-1.03742,0.362213,0.300632,1.52675,-0.635178,-0.206546,-0.760439,
-1.03755,0.362271,0.300539,1.52674,-0.635268,-0.206461,-0.760779,
-1.03745,0.362429,0.300705,1.52689,-0.635524,-0.206496,-0.762718,
-1.03743,0.362477,0.3005,1.52699,-0.635566,-0.20607,-0.763451,
-1.03742,0.362496,0.300799,1.52667,-0.634589,-0.206866,-0.759533,
-1.03747,0.362653,0.300713,1.52683,-0.635098,-0.206391,-0.761915,
-1.03735,0.362593,0.300771,1.5268,-0.63461,-0.206671,-0.760141,
-1.03742,0.362718,0.300963,1.52671,-0.634168,-0.207024,-0.759648,
-1.03738,0.362764,0.301045,1.52681,-0.634382,-0.20705,-0.759576,
-1.03741,0.362904,0.300841,1.52685,-0.634487,-0.206565,-0.761569,
-1.03732,0.362916,0.300827, 1.527,-0.634624,-0.206626,-0.762556,
-1.03725,0.362949,0.300711,1.52709,-0.634742,-0.206418,-0.764304,
-1.03727,0.363008,0.300847,1.52707,-0.6343,-0.206833,-0.761832,
-1.03735,0.363188,0.301128,1.52693,-0.634077,-0.207026,-0.761859,
-1.03723,0.363119,0.301133,1.52691,-0.633746,-0.207167,-0.76031,
-1.03725,0.363264,0.301259,1.52693,-0.633441,-0.207525,-0.760228,
-1.03707,0.36331,0.301446,1.52703,-0.633364,-0.207912,-0.760343,
-1.03717,0.363372,0.301154,1.52718,-0.633774,-0.207447,-0.762405,
-1.0371,0.363451,0.301284,1.52729,-0.63375,-0.207664,-0.763404,
-1.03701,0.36348,0.301181,1.52748,-0.633975,-0.207541,-0.764925,
-1.03695,0.363478,0.301086,1.52759,-0.633664,-0.207744,-0.764119,
-1.03701,0.36369,0.301501,1.5274,-0.633063,-0.208247,-0.763093,
-1.03689,0.363742,0.301543,1.52742,-0.632826,-0.20836,-0.762922,
-1.03677,0.363669,0.301405,1.52763,-0.632593,-0.208578,-0.762799,
-1.03667,0.363824,0.301692,1.52772,-0.632399,-0.208957,-0.762806,
-1.03668,0.363825,0.301645,1.52774,-0.632211,-0.209126,-0.761646,
-1.03657,0.363933,0.30165, 1.528,-0.632264,-0.208967,-0.763321,
-1.03644,0.363881,0.301631,1.52797,-0.63186,-0.209349,-0.762845,
-1.03632,0.363905,0.301477,1.52827,-0.631704,-0.209354,-0.762487,
-1.03632,0.36416,0.301503,1.52845,-0.631871,-0.209077,-0.764644,
-1.03618,0.364144,0.301732,1.52849,-0.631685,-0.209734,-0.763318,
-1.0361,0.364181,0.301642,1.52853,-0.630964,-0.209771,-0.763096,
-1.03586,0.364172,0.301501,1.52891,-0.631184,-0.209706,-0.764173,
-1.03587,0.364375,0.301587, 1.529,-0.631007,-0.209904,-0.763814,
-1.03575,0.364405,0.302044,1.52895,-0.630262,-0.210837,-0.761298,
-1.03553,0.364406,0.301944,1.52917,-0.630149,-0.210895,-0.762097,
-1.03544,0.364388,0.301666,1.52959,-0.630628,-0.210543,-0.763644,
-1.03536,0.36462,0.302097,1.52957,-0.629862,-0.211177,-0.761733,
-1.0352,0.364657,0.302566,1.52955,-0.629312,-0.212138,-0.759383,
-1.03506,0.364682,0.302489,1.52978,-0.628894,-0.212352,-0.759364,
-1.03478,0.364614,0.302309,1.53015,-0.628909,-0.212096,-0.759955,
-1.0347,0.364702,0.302255,1.53046,-0.62903,-0.212239,-0.760615,
-1.03447,0.364794,0.302353,1.53075,-0.628799,-0.212327,-0.761078,
-1.03422,0.364794,0.302429,1.53103,-0.628567,-0.212697,-0.760839,
-1.03403,0.364824,0.302215,1.53148,-0.62849,-0.212591,-0.760808,
-1.0339,0.365004,0.302605,1.53154,-0.627922,-0.21316,-0.760008,
-1.03358,0.364879,0.302692,1.53195,-0.627727,-0.213644,-0.758771,
-1.03342,0.365033,0.302854,1.53215,-0.626982,-0.214142,-0.757546,
-1.03305,0.365028,0.302503,1.53297,-0.627707,-0.213488,-0.762129,
-1.03292,0.365085,0.302541,1.5332,-0.627429,-0.213607,-0.761729,
-1.03259,0.365194,0.302818,1.53356,-0.62673,-0.214206,-0.760322,
-1.03235,0.365174,0.30307,1.5338,-0.626443,-0.214914,-0.759426,
-1.03205,0.36529,0.302623,1.53472,-0.626903,-0.214138,-0.763602,
-1.03183,0.365403,0.303117,1.53485,-0.626091,-0.215099,-0.75998,
-1.03148,0.365379,0.30305,1.53535,-0.625895,-0.215266,-0.759818,
-1.03125,0.365434,0.3029,1.53592,-0.625844,-0.21523,-0.762602,
-1.03074,0.365409,0.30327,1.53636,-0.625175,-0.21605,-0.760283,
-1.03053,0.365454,0.303088,1.53694,-0.625069,-0.215824,-0.76096,
-1.03007,0.365517,0.303237,1.53756,-0.624718,-0.216204,-0.760736,
-1.02972,0.365552,0.303361,1.53806,-0.624401,-0.216557,-0.761095,
-1.02929,0.365536,0.303315,1.53872,-0.623917,-0.216907,-0.759948,
-1.02897,0.365712,0.303669,1.53912,-0.623241,-0.217375,-0.758994,
-1.02852,0.365746,0.303993,1.53977,-0.622909,-0.218101,-0.757767,
-1.02815,0.365745,0.303781,1.54053,-0.622671,-0.218001,-0.75913,
-1.02751,0.365849,0.304119,1.54114,-0.621789,-0.218799,-0.756414,
-1.02716,0.365838,0.30427,1.54175,-0.621439,-0.219283,-0.755364,
-1.02664,0.365967,0.304456,1.54247,-0.62099,-0.219557,-0.755637,
-1.02609,0.366023,0.30446,1.54326,-0.620661,-0.219555,-0.755984,
-1.02564,0.366021,0.303539,1.54443,-0.621149,-0.217975,-0.761699,
-1.0252,0.366141,0.303059,1.54563,-0.622066,-0.216931,-0.767811,
-1.02458,0.366181,0.303391,1.54637,-0.621511,-0.217606,-0.765931,
-1.02408,0.366172,0.303648,1.54708,-0.620778,-0.218452,-0.764724,
-1.02338,0.366252,0.303943,1.54796,-0.620236,-0.219048,-0.762978,
-1.02289,0.366259,0.303857,1.54879,-0.620154,-0.219079,-0.763073,
-1.02223,0.36635,0.303986,1.54979,-0.619904,-0.219253,-0.763831,
-1.02157,0.366399,0.303961,1.55083,-0.619936,-0.219248,-0.765114,
-1.02095,0.366364,0.303883,1.55172,-0.619212,-0.219504,-0.762679,
-1.02039,0.366531,0.304243,1.55267,-0.619197,-0.220016,-0.763696,
-1.01963,0.366397,0.303956,1.55375,-0.618953,-0.219834,-0.764068,
-1.01905,0.366548,0.30408,1.55479,-0.618766,-0.219973,-0.765834,
-1.01822,0.366482,0.30404,1.55587,-0.618397,-0.220257,-0.765403,
-1.01767,0.366584,0.30428,1.55678,-0.618029,-0.220624,-0.764426,
-1.01685,0.366636,0.304189,1.5581,-0.618118,-0.220621,-0.766883,
-1.01616,0.366749,0.304673,1.55884,-0.617168,-0.22147,-0.764097,
-1.01533,0.366713,0.304665,1.55995,-0.616498,-0.221881,-0.762561,
-1.01469,0.366865,0.305059,1.56087,-0.615991,-0.22236,-0.761773,
-1.0139,0.366871,0.305002,1.56199,-0.616023,-0.222504,-0.763722,
-1.01311,0.366912,0.305111,1.5631,-0.615416,-0.223014,-0.763129,
-1.0122,0.366823,0.305012,1.56436,-0.61544,-0.223195,-0.763917,
-1.01147,0.366943,0.30502,1.56543,-0.615182,-0.223294,-0.764639,
-1.0106,0.366918,0.305221,1.56663,-0.614957,-0.223721,-0.764559,
-1.0097,0.366985,0.305391,1.56756,-0.61421,-0.224133,-0.763659,
-1.00882,0.36698,0.305342,1.56877,-0.613727,-0.224433,-0.761728,
-1.00797,0.367129,0.305576,1.5699,-0.613581,-0.224917,-0.762967,
-1.00695,0.367138,0.305407,1.57119,-0.613513,-0.225092,-0.763034,
-1.00615,0.367058,0.305325,1.5723,-0.613117,-0.225158,-0.764179,
-1.00504,0.36695,0.305546,1.57332,-0.612411,-0.226182,-0.762096,
-1.00433,0.367008,0.305117,1.57469,-0.612854,-0.225358,-0.765321,
-1.00331,0.366997,0.305628,1.57561,-0.611966,-0.226592,-0.762304,
-1.00223,0.366856,0.305424,1.57695,-0.611854,-0.22683,-0.763323,
-1.00125,0.366741,0.30523,1.57823,-0.611437,-0.226891,-0.762938,
-1.00026,0.366906,0.30525,1.57952,-0.611419,-0.227061,-0.7647,
-0.999148,0.366767,0.305293,1.58068,-0.610809,-0.227764,-0.763008,
-0.998264,0.366684,0.305324,1.58184,-0.610463,-0.228532,-0.763244,
-0.996986,0.366577,0.305057,1.58332,-0.610608,-0.228583,-0.764174,
-0.996146,0.366458,0.305125,1.58447,-0.610281,-0.229124,-0.762803,
-0.994989,0.366333,0.305049,1.58571,-0.609892,-0.229634,-0.762928,
-0.993832,0.366147,0.304971,1.58718,-0.609982,-0.230142,-0.763722,
-0.99284,0.365871,0.304658,1.58839,-0.609564,-0.230552,-0.763171,
-0.991694,0.36589,0.304687,1.58986,-0.609797,-0.230982,-0.76617,
-0.990474,0.365754,0.304558,1.59116,-0.609452,-0.231609,-0.766028,
-0.989378,0.365633,0.304283,1.59252,-0.609219,-0.232063,-0.768482,
-0.987965,0.365509,0.304423,1.59386,-0.608597,-0.23298,-0.76833,
-0.98686,0.365395,0.304774, 1.595,-0.607821,-0.234422,-0.764961,
-0.985533,0.365413,0.304595,1.59652,-0.607746,-0.234744,-0.768102,
-0.984236,0.365189,0.304507,1.59788,-0.607362,-0.235452,-0.768554,
-0.982892,0.36506,0.304352,1.59947,-0.607,-0.236049,-0.768587,
-0.981558,0.365144,0.304296, 1.601,-0.606906,-0.236458,-0.772053,
-0.980125,0.364924,0.304227,1.60259,-0.60671,-0.237341,-0.772779,
-0.978892,0.364806,0.304122,1.60408,-0.606185,-0.237891,-0.774586,
-0.977269,0.364811,0.304555,1.60559,-0.605265,-0.239323,-0.773031,
-0.976021,0.364657,0.304478,1.60691,-0.60454,-0.239954,-0.773059,
-0.974428,0.364642,0.304802,1.60836,-0.603312,-0.241399,-0.771205,
-0.972974,0.364467,0.304661,1.6101,-0.603489,-0.241799,-0.775136,
-0.971447,0.36446,0.304563,1.61176,-0.602964,-0.242395,-0.775987,
-0.969965,0.364434,0.304581,1.61344,-0.602679,-0.243128,-0.77842,
-0.968389,0.364287,0.304738,1.61501,-0.601963,-0.24394,-0.777295,
-0.967395,0.363637,0.304109,1.61646,-0.601641,-0.244033,-0.779568,
-0.965677,0.363361,0.304678,1.61772,-0.599922,-0.246209,-0.773087,
-0.96434,0.362925,0.304325,1.61943,-0.599812,-0.246623,-0.774222,
-0.962122,0.363557,0.305167,1.62138,-0.598725,-0.248267,-0.774287,
-0.960228,0.363657,0.305387,1.62326,-0.598099,-0.249202,-0.775893,
-0.958697,0.363474,0.305479,1.62492,-0.597282,-0.250072,-0.774511,
-0.956541,0.364136,0.306342,1.62683,-0.596212,-0.251583,-0.773957,
-0.954665,0.363953,0.306202,1.62876,-0.596131,-0.25212,-0.776128,
-0.952944,0.364102,0.306591,1.63063,-0.59525,-0.253177,-0.775344,
-0.950927,0.36405,0.306928,1.63275,-0.594884,-0.254148,-0.77654,
-0.949334,0.363968,0.307164,1.63444,-0.593889,-0.254973,-0.773972,
-0.947485,0.36392,0.307443,1.63637,-0.593196,-0.255697,-0.775112,
-0.945511,0.363726,0.307576,1.63835,-0.592388,-0.256518,-0.77469,
-0.943659,0.363619,0.307726,1.64035,-0.591639,-0.257181,-0.774361,
-0.94182,0.363655,0.308008,1.64226,-0.590937,-0.257758,-0.775363,
-0.939787,0.363509,0.308141,1.64438,-0.590494,-0.258377,-0.776131,
-0.93784,0.363426,0.308639,1.64619,-0.588856,-0.25961,-0.773637,
-0.935579,0.363304,0.308882,1.64847,-0.588306,-0.260274,-0.774886,
-0.933736,0.363259,0.309284,1.6503,-0.587146,-0.261147,-0.772937,
-0.931551,0.363127,0.309694,1.65239,-0.586193,-0.262125,-0.773308,
-0.929309,0.363111,0.309989,1.65463,-0.585261,-0.262742,-0.774062,
-0.927172,0.363034,0.310264,1.65666,-0.583982,-0.263253,-0.773227,
-0.925082,0.363093,0.310677,1.65881,-0.58335,-0.263901,-0.774769,
-0.922737,0.362954,0.31106,1.66109,-0.582544,-0.26461,-0.774607,
-0.920581,0.362919,0.311166,1.66263,-0.579592,-0.264619,-0.776265,
-0.918123,0.362727,0.311818,1.66559,-0.5806,-0.265896,-0.773722,
-0.916026,0.362773,0.31218,1.66773,-0.57971,-0.266256,-0.774045,
-0.913559,0.362679,0.312617,1.67022,-0.578842,-0.267191,-0.775186,
-0.911116,0.362599,0.313113,1.67229,-0.57742,-0.268067,-0.774544,
-0.908858,0.362525,0.313503,1.67466,-0.576714,-0.268126,-0.774246,
