Shoulder_Right1,Shoulder_Right2,Shoulder_Right3,Elbow_Right1,Wrist_Right1,Wrist_Right2,Wrist_Right3
-0.951204,0.116152,0.14363,0.664408,-0.182226,-0.128686,-0.562787
-0.951209,0.115929,0.143746,0.663988,-0.181948,-0.128565,-0.561839
-0.951215,0.115924,0.144235,0.663846,-0.182359,-0.128786,-0.563793
-0.95123,0.115401,0.143381,0.663327,-0.181929,-0.128332,-0.562157
-0.951155,0.115413,0.144478,0.663184,-0.182115,-0.128944,-0.562608
-0.95119,0.115182,0.144459,0.662664,-0.181498,-0.12886,-0.56062
-0.951237,0.114903,0.144211,0.662409,-0.181613,-0.128564,-0.561269
-0.951179,0.115087,0.145199,0.662407,-0.181764,-0.128849,-0.561595
-0.95131,0.114771,0.144642,0.661933,-0.181612,-0.12858,-0.56053
-0.951025,0.114435,0.144758,0.66209,-0.18163,-0.128712,-0.560277
-0.95107,0.114588,0.145399,0.662099,-0.182092,-0.12867,-0.562865
-0.951035,0.114264,0.145544,0.661558,-0.181142,-0.128714,-0.559656
-0.950829,0.114019,0.14571,0.661798,-0.181459,-0.128982,-0.56088
-0.950827,0.113851,0.145622,0.661636,-0.181169,-0.12865,-0.559864
-0.950844,0.113667,0.145764,0.66131,-0.18085,-0.128502,-0.560289
-0.950846,0.113803,0.146722,0.661313,-0.180822,-0.128916,-0.55988
-0.950697,0.113325,0.14618,0.661324,-0.180669,-0.128926,-0.559211
-0.950564,0.113241,0.146827,0.661319,-0.180271,-0.129077,-0.559679
-0.950538,0.113336,0.147626,0.661335,-0.180292,-0.129416,-0.560888
-0.950529,0.112903,0.147224,0.660981,-0.179535,-0.129437,-0.557753
-0.950345,0.112897,0.147672,0.661285,-0.17976,-0.12928,-0.560397
-0.950388,0.112734,0.147903,0.660995,-0.179083,-0.129218,-0.558684
-0.950354,0.11253,0.148253,0.660959,-0.179001,-0.129257,-0.560651
-0.950198,0.112555,0.148777,0.661071,-0.178531,-0.129442,-0.55871
-0.950292,0.11227,0.14876,0.660706,-0.178173,-0.129541,-0.558403
-0.950182,0.112215,0.149494,0.660727,-0.177802,-0.129568,-0.559359
-0.950151,0.112174,0.14993,0.660721,-0.177637,-0.129831,-0.559523
-0.950136,0.1119,0.149798,0.660624,-0.177274,-0.129504,-0.559569
-0.950028,0.11189,0.150452,0.660739,-0.177254,-0.129626,-0.559548
-0.950097,0.111695,0.150696,0.660452,-0.176574,-0.129673,-0.558462
-0.950081,0.11153,0.150891,0.660419,-0.176446,-0.129451,-0.559024
-0.95011,0.111816,0.152085,0.660415,-0.176348,-0.129594,-0.559405
-0.95016,0.111423,0.151878,0.660231,-0.176338,-0.129664,-0.559495
-0.950039,0.11132,0.152354,0.660146,-0.175675,-0.129521,-0.558877
-0.950088,0.111372,0.152618,0.660263,-0.175771,-0.129284,-0.560415
-0.950163,0.111288,0.153342,0.659967,-0.175155,-0.129139,-0.560449
-0.950061,0.111089,0.153593,0.660032,-0.175384,-0.129508,-0.559471
-0.950144,0.111203,0.15433,0.65988,-0.174885,-0.128995,-0.560172
-0.950163,0.110962,0.154343,0.659799,-0.174788,-0.12876,-0.560748
-0.950177,0.111053,0.155004,0.65984,-0.174522,-0.12889,-0.559609
-0.950304,0.110838,0.155356,0.659381,-0.174006,-0.128771,-0.55884
-0.950244,0.110784,0.155809,0.659427,-0.174033,-0.128697,-0.559167
-0.950283,0.110767,0.155991,0.659507,-0.173985,-0.128478,-0.559474
-0.950398,0.110653,0.156519,0.65905,-0.17348,-0.128431,-0.558218
-0.950352,0.110442,0.156668,0.659112,-0.173423,-0.128462,-0.55786
-0.950443,0.110452,0.157041,0.658945,-0.173382,-0.128084,-0.559047
-0.950563,0.11023,0.157039,0.658659,-0.173161,-0.127944,-0.557908
-0.950562,0.110269,0.157787,0.658706,-0.173118,-0.128131,-0.556793
-0.950642,0.109969,0.157702,0.658438,-0.172769,-0.128012,-0.556199
-0.950657,0.109925,0.158082,0.658365,-0.172915,-0.127852,-0.556486
-0.950668,0.109829,0.158459,0.658347,-0.172794,-0.128025,-0.556083
-0.950825,0.109677,0.158533,0.657934,-0.172457,-0.127774,-0.555704
-0.950785,0.109488,0.158702,0.658028,-0.172685,-0.127717,-0.556147
-0.950938,0.109364,0.158755,0.657726,-0.172548,-0.127497,-0.555846
-0.950962,0.109171,0.158772,0.657634,-0.172531,-0.127339,-0.555938
-0.95093,0.109071,0.158866,0.657838,-0.17283,-0.127353,-0.555888
-0.951031,0.108776,0.158606,0.65755,-0.172651,-0.127089,-0.556295
-0.951088,0.108789,0.159096,0.657377,-0.172711,-0.127029,-0.55591
-0.951142,0.108675,0.159057,0.657508,-0.173004,-0.126953,-0.55695
-0.951181,0.108399,0.158889,0.657265,-0.172814,-0.126865,-0.555918
-0.951191,0.108189,0.158745,0.657213,-0.172725,-0.126839,-0.555287
-0.951227,0.108059,0.158616,0.657163,-0.172829,-0.126631,-0.555239
-0.95126,0.107821,0.158568,0.657102,-0.172957,-0.126714,-0.5558
-0.951295,0.10777,0.158583,0.657128,-0.172936,-0.126693,-0.554949
-0.951362,0.107501,0.158429,0.65692,-0.172785,-0.126666,-0.554743
-0.951367,0.107316,0.158324,0.656852,-0.172862,-0.126644,-0.554329
-0.951402,0.107224,0.158296,0.656918,-0.172869,-0.126721,-0.554656
-0.951463,0.106988,0.158078,0.656684,-0.17266,-0.12665,-0.554246
-0.95143,0.106844,0.158249,0.656686,-0.172581,-0.126869,-0.553924
-0.951469,0.106703,0.158029,0.656573,-0.172361,-0.126832,-0.553148
-0.951518,0.106485,0.157962,0.656434,-0.172299,-0.126878,-0.553562
-0.951603,0.106562,0.158313,0.65647,-0.172327,-0.127003,-0.553813
-0.951664,0.106234,0.15794,0.656251,-0.17197,-0.127031,-0.552811
-0.951665,0.106114,0.157972,0.656261,-0.17203,-0.127085,-0.553974
-0.951741,0.106162,0.158351,0.656185,-0.171758,-0.127396,-0.553149
-0.951735,0.105905,0.158029,0.656145,-0.171621,-0.127343,-0.553227
-0.951774,0.105696,0.158073,0.656135,-0.171648,-0.127648,-0.553562
-0.951773,0.105429,0.157553,0.656177,-0.171505,-0.127715,-0.552632
-0.951869,0.10543,0.157977,0.655978,-0.17133,-0.127785,-0.553773
-0.951863,0.105359,0.157972,0.656111,-0.171162,-0.128103,-0.552718
-0.951978,0.105239,0.158064,0.655824,-0.170741,-0.128198,-0.552735
-0.951956,0.105101,0.158136,0.65591,-0.170791,-0.128373,-0.553115
-0.951967,0.104943,0.157784,0.656049,-0.170484,-0.128397,-0.553768
-0.951952,0.104707,0.157696,0.655957,-0.170187,-0.128574,-0.553283
-0.951935,0.104568,0.15784,0.655979,-0.169729,-0.128952,-0.552677
-0.952031,0.104594,0.157909,0.655803,-0.169505,-0.128879,-0.554004
-0.952077,0.104411,0.158115,0.655825,-0.169352,-0.129309,-0.553848
-0.952075,0.10438,0.158079,0.655842,-0.168912,-0.129593,-0.552886
-0.952079,0.104166,0.158046,0.655718,-0.168176,-0.12972,-0.552506
-0.952146,0.104186,0.158411,0.655618,-0.16837,-0.130151,-0.553246
-0.952158,0.104112,0.158391,0.65577,-0.168039,-0.130443,-0.553179
-0.952074,0.103863,0.158044,0.655683,-0.167318,-0.130426,-0.552115
-0.952078,0.103752,0.158004,0.655713,-0.167062,-0.130574,-0.552587
-0.952122,0.103731,0.158361,0.655666,-0.166814,-0.131006,-0.552654
-0.952106,0.103517,0.158035,0.655587,-0.166171,-0.130957,-0.552251
-0.952096,0.103461,0.15824,0.655645,-0.165832,-0.131415,-0.551897
-0.952171,0.103455,0.158332,0.655668,-0.165616,-0.131277,-0.553112
-0.952085,0.103338,0.158308,0.655582,-0.165275,-0.131674,-0.550983
-0.952179,0.103453,0.158714,0.655671,-0.165099,-0.131911,-0.552871
-0.952144,0.103115,0.158306,0.65555,-0.164546,-0.132074,-0.551261
-0.952162,0.103108,0.158744,0.655472,-0.164166,-0.132344,-0.551237
-0.952164,0.103034,0.158401,0.655543,-0.164036,-0.132199,-0.551843
-0.952176,0.102883,0.158369,0.655406,-0.163518,-0.132293,-0.551712
-0.952267,0.103023,0.159155,0.655343,-0.163363,-0.132894,-0.55063
-0.952149,0.102779,0.158827,0.655466,-0.162979,-0.132822,-0.550949
-0.952193,0.102866,0.159286,0.655269,-0.162865,-0.133142,-0.550952
-0.952279,0.102916,0.159668,0.655226,-0.162623,-0.1333,-0.551505
-0.952147,0.102708,0.159471,0.655113,-0.16191,-0.133502,-0.549068
-0.952186,0.102631,0.159683,0.65527,-0.16223,-0.133684,-0.550566
-0.952129,0.102506,0.15962,0.655141,-0.161734,-0.133818,-0.549423
-0.952171,0.102537,0.159718,0.655097,-0.161646,-0.133693,-0.549863
-0.952165,0.102524,0.159911,0.655189,-0.161675,-0.133912,-0.549597
-0.95213,0.102361,0.159704,0.655163,-0.161354,-0.133609,-0.549292
-0.952125,0.102344,0.159821,0.655071,-0.161492,-0.133682,-0.54932
-0.952189,0.102532,0.16043,0.655216,-0.161614,-0.133833,-0.550324
-0.952072,0.102316,0.160068,0.65524,-0.161512,-0.133593,-0.54975
-0.952068,0.10225,0.160288,0.655276,-0.161597,-0.133721,-0.549824
-0.952014,0.102324,0.160401,0.655352,-0.16139,-0.133347,-0.550421
-0.952011,0.102242,0.160513,0.655286,-0.161479,-0.133532,-0.549743
-0.952058,0.102394,0.16101,0.655353,-0.161701,-0.133618,-0.550168
-0.951973,0.102221,0.1607,0.65548,-0.161655,-0.133243,-0.550524
-0.951954,0.102263,0.161033,0.655418,-0.161862,-0.133277,-0.550319
-0.951976,0.10232,0.161171,0.655536,-0.162017,-0.133238,-0.551193
-0.951835,0.102174,0.161061,0.655655,-0.162017,-0.1331,-0.55066
-0.951902,0.102171,0.161412,0.655582,-0.16212,-0.133037,-0.550863
-0.951803,0.10225,0.161627,0.655678,-0.162182,-0.132931,-0.551322
-0.951792,0.10212,0.161736,0.65559,-0.162024,-0.132997,-0.549973
-0.951895,0.102437,0.162372,0.655659,-0.162373,-0.132889,-0.550939
-0.951889,0.102468,0.162669,0.655592,-0.162207,-0.132732,-0.55138
-0.951703,0.102263,0.16242,0.65578,-0.162428,-0.132754,-0.550791
-0.951788,0.102443,0.162863,0.655823,-0.162486,-0.132699,-0.551575
-0.951583,0.102248,0.162723,0.65592,-0.162258,-0.13269,-0.550053
-0.951561,0.102198,0.16292,0.656056,-0.162499,-0.132706,-0.551032
-0.951558,0.102336,0.163273,0.656122,-0.162657,-0.132605,-0.551676
-0.951486,0.102234,0.163415,0.656106,-0.162414,-0.132733,-0.550502
-0.951525,0.102527,0.164109,0.656203,-0.162474,-0.132872,-0.550395
-0.951413,0.102285,0.163827,0.656239,-0.162229,-0.132731,-0.549874
-0.951307,0.102401,0.164151,0.656355,-0.162316,-0.132753,-0.549789
-0.951365,0.102635,0.164651,0.656467,-0.162402,-0.132565,-0.55154
-0.951266,0.102529,0.16471,0.656492,-0.162188,-0.132769,-0.550849
-0.951237,0.102589,0.165069,0.656516,-0.162051,-0.132794,-0.550003
-0.951162,0.102751,0.165456,0.656623,-0.161931,-0.132878,-0.550665
-0.951123,0.102589,0.165506,0.656592,-0.161766,-0.133001,-0.550005
-0.951056,0.102786,0.165781,0.656867,-0.161769,-0.132957,-0.550423
-0.950971,0.102578,0.165368,0.656893,-0.161427,-0.132849,-0.55013
-0.950845,0.102671,0.165847,0.656935,-0.161345,-0.133199,-0.549416
-0.950894,0.102931,0.166268,0.657065,-0.16136,-0.133023,-0.551416
-0.950752,0.102673,0.166059,0.657064,-0.160982,-0.133309,-0.54945
-0.950643,0.102744,0.166342,0.657196,-0.160844,-0.133338,-0.549359
-0.950578,0.102706,0.166084,0.657399,-0.161003,-0.133213,-0.550553
-0.950502,0.102676,0.166422,0.657298,-0.160493,-0.133502,-0.549315
-0.950478,0.103002,0.167083,0.657499,-0.160536,-0.133539,-0.550273
-0.950439,0.102753,0.166529,0.657548,-0.160474,-0.133459,-0.550613
-0.950272,0.102752,0.166705,0.657614,-0.160289,-0.133633,-0.549684
-0.950303,0.103111,0.167399,0.657757,-0.160298,-0.133693,-0.551579
-0.950247,0.102954,0.167389,0.657662,-0.159923,-0.133977,-0.550015
-0.950101,0.10291,0.167524,0.657844,-0.159789,-0.134105,-0.549475
-0.950007,0.102831,0.166988,0.658039,-0.159857,-0.133848,-0.550189
-0.949962,0.10282,0.167191,0.657965,-0.159657,-0.133936,-0.550001
-0.949893,0.103137,0.167795,0.658178,-0.159589,-0.134076,-0.550036
-0.949853,0.102889,0.167313,0.658075,-0.159276,-0.133963,-0.549655
-0.949735,0.102888,0.16751,0.658088,-0.159215,-0.134168,-0.548833
-0.949729,0.103256,0.168153,0.658375,-0.159518,-0.134137,-0.551331
-0.94961,0.103102,0.168135,0.658317,-0.159184,-0.134364,-0.550282
-0.949513,0.103068,0.168229,0.658376,-0.159042,-0.134347,-0.549465
-0.949439,0.103089,0.168073,0.658399,-0.158885,-0.134228,-0.549793
-0.949427,0.103069,0.168057,0.658278,-0.158684,-0.134131,-0.549593
-0.949337,0.103314,0.168546,0.658652,-0.159037,-0.134222,-0.549774
-0.949335,0.103089,0.16824,0.658462,-0.158723,-0.134131,-0.549514
-0.949229,0.10312,0.168265,0.658613,-0.158882,-0.134225,-0.54931
-0.949138,0.103314,0.168687,0.658771,-0.158856,-0.134189,-0.550359
-0.949172,0.103332,0.168726,0.658568,-0.158637,-0.134099,-0.549722
-0.949015,0.103352,0.16897,0.658842,-0.158903,-0.134115,-0.550537
-0.948965,0.103369,0.168919,0.658818,-0.158756,-0.134063,-0.550068
-0.948989,0.103488,0.16939,0.658701,-0.158794,-0.134048,-0.550784
-0.948832,0.103627,0.169443,0.659062,-0.158976,-0.133946,-0.551155
-0.948816,0.103449,0.169185,0.658824,-0.158514,-0.13382,-0.549477
-0.94865,0.103603,0.16963,0.658998,-0.158842,-0.133968,-0.55002
-0.94867,0.103737,0.16975,0.659164,-0.159086,-0.13381,-0.551251
-0.948567,0.103599,0.169527,0.659144,-0.158986,-0.133736,-0.551376
-0.948494,0.103605,0.169635,0.659119,-0.158852,-0.133689,-0.550524
-0.948355,0.103698,0.169725,0.659243,-0.158963,-0.133624,-0.550605
-0.94842,0.103669,0.169784,0.659017,-0.158745,-0.133564,-0.550626
-0.948303,0.103996,0.170452,0.659284,-0.158919,-0.133687,-0.55054
-0.948283,0.103816,0.170103,0.659144,-0.158658,-0.133536,-0.550374
-0.94816,0.10391,0.17028,0.659233,-0.158732,-0.133504,-0.549919
-0.94809,0.104063,0.170335,0.659372,-0.158818,-0.133408,-0.551253
-0.948066,0.103981,0.170198,0.659196,-0.158695,-0.133314,-0.551225
-0.947866,0.104027,0.170534,0.659349,-0.158606,-0.133432,-0.549962
-0.947871,0.104145,0.170656,0.659293,-0.158513,-0.133451,-0.550099
-0.947838,0.104074,0.170517,0.659209,-0.158547,-0.13324,-0.550833
-0.947729,0.104335,0.171209,0.65937,-0.158488,-0.133645,-0.549722
-0.947794,0.104312,0.171317,0.659103,-0.158138,-0.133594,-0.549592
-0.947617,0.104348,0.171242,0.659291,-0.158432,-0.133592,-0.549754
-0.947569,0.10455,0.171413,0.659483,-0.158545,-0.13342,-0.550836
-0.94749,0.104453,0.171194,0.659397,-0.158354,-0.13343,-0.5497
-0.947414,0.10444,0.171365,0.6595,-0.158461,-0.133521,-0.550043
-0.947385,0.10444,0.171518,0.659364,-0.158256,-0.1337,-0.549171
-0.947451,0.104508,0.171723,0.65922,-0.15836,-0.133675,-0.550307
-0.947286,0.10468,0.171857,0.659459,-0.158225,-0.133716,-0.548918
-0.947397,0.104722,0.17222,0.659106,-0.157984,-0.133924,-0.548753
-0.947194,0.104634,0.171966,0.659276,-0.158169,-0.133834,-0.548614
-0.947171,0.104834,0.17214,0.659297,-0.15789,-0.133831,-0.548032
-0.947212,0.104706,0.172132,0.659104,-0.157856,-0.133974,-0.548394
-0.947028,0.104715,0.172123,0.65939,-0.158007,-0.134,-0.548323
-0.946967,0.104703,0.17201,0.659406,-0.158082,-0.133998,-0.548705
-0.947074,0.104783,0.172389,0.659038,-0.157726,-0.134115,-0.548083
-0.946936,0.104887,0.172414,0.659359,-0.157875,-0.134222,-0.547828
-0.947047,0.104931,0.172713,0.658984,-0.157545,-0.134214,-0.5482
-0.946935,0.104914,0.172603,0.65903,-0.157688,-0.134436,-0.547295
-0.946912,0.105069,0.172671,0.659168,-0.157748,-0.134443,-0.548374
-0.946882,0.104893,0.172511,0.65899,-0.157655,-0.134529,-0.547671
-0.946724,0.104916,0.172507,0.659123,-0.15746,-0.134577,-0.546554
-0.946686,0.10495,0.172636,0.658988,-0.157399,-0.134643,-0.546327
-0.946829,0.104992,0.172512,0.658713,-0.15732,-0.134326,-0.54715
-0.946594,0.104956,0.172455,0.659133,-0.157548,-0.134668,-0.546812
-0.946772,0.105046,0.17251,0.658686,-0.157171,-0.134441,-0.54661
-0.946598,0.105096,0.172748,0.658902,-0.157709,-0.134782,-0.546686
-0.946557,0.105265,0.172757,0.659084,-0.157783,-0.134668,-0.54775
-0.946632,0.105094,0.172726,0.658732,-0.157634,-0.134832,-0.546817
-0.946459,0.10507,0.17243,0.659065,-0.157975,-0.134709,-0.546949
-0.946481,0.105138,0.172363,0.658933,-0.157997,-0.134565,-0.547345
-0.946534,0.10508,0.172343,0.658675,-0.157733,-0.134539,-0.546378
-0.946416,0.105228,0.172501,0.659005,-0.158136,-0.134726,-0.547036
-0.946541,0.105274,0.172749,0.658671,-0.158172,-0.134803,-0.547876
-0.946454,0.105232,0.172624,0.658686,-0.158191,-0.134897,-0.546038
-0.946371,0.105429,0.172774,0.658936,-0.158447,-0.134852,-0.547278
-0.946456,0.105288,0.172547,0.658531,-0.157975,-0.134902,-0.545603
-0.946237,0.105258,0.172296,0.658875,-0.158196,-0.134735,-0.546252
-0.946296,0.105362,0.172377,0.658792,-0.158449,-0.134724,-0.547745
-0.946336,0.105343,0.172348,0.658628,-0.158397,-0.134678,-0.547505
-0.946206,0.105484,0.172552,0.658755,-0.158226,-0.134943,-0.546528
-0.946317,0.105427,0.172715,0.658427,-0.157798,-0.135056,-0.545826
-0.946212,0.10551,0.172714,0.658465,-0.158115,-0.135133,-0.546056
-0.946145,0.105614,0.172571,0.658739,-0.158133,-0.135121,-0.546077
-0.946196,0.105544,0.172679,0.658396,-0.157833,-0.135234,-0.545466
-0.946025,0.105454,0.172245,0.658703,-0.157902,-0.135094,-0.545321
-0.946092,0.105655,0.172735,0.658672,-0.158204,-0.135469,-0.546422
-0.946123,0.105567,0.172562,0.658428,-0.15777,-0.135311,-0.545741
-0.946008,0.105668,0.172388,0.658669,-0.157722,-0.135313,-0.545174
-0.94603,0.105745,0.172945,0.658497,-0.157464,-0.135453,-0.545472
-0.946011,0.105737,0.172638,0.658429,-0.15763,-0.135546,-0.544949
-0.945936,0.105823,0.172415,0.658758,-0.157798,-0.135307,-0.546461
-0.94605,0.105801,0.172693,0.658328,-0.157315,-0.135596,-0.545077
-0.945841,0.105705,0.172402,0.658626,-0.15723,-0.135688,-0.544478
-0.945902,0.105951,0.172916,0.658426,-0.157097,-0.135785,-0.545262
-0.945979,0.105822,0.172728,0.658199,-0.156756,-0.135793,-0.544959
-0.945832,0.105948,0.17277,0.658565,-0.156925,-0.136023,-0.544528
-0.946012,0.105946,0.172808,0.658236,-0.156448,-0.135896,-0.544834
-0.945897,0.106058,0.173115,0.658283,-0.156676,-0.136286,-0.54413
-0.945811,0.106063,0.173017,0.658603,-0.156692,-0.136498,-0.545191
-0.945944,0.106147,0.173329,0.65821,-0.156329,-0.136446,-0.544844
-0.945769,0.106019,0.172951,0.658612,-0.156534,-0.136427,-0.544977
-0.9458,0.106123,0.173216,0.658503,-0.15639,-0.136627,-0.545083
-0.945873,0.10607,0.172953,0.658434,-0.156332,-0.136432,-0.545768
-0.945839,0.10624,0.17327,0.658542,-0.156115,-0.13676,-0.544339
-0.945852,0.106211,0.173295,0.658401,-0.155678,-0.136565,-0.544708
-0.945724,0.106253,0.17356,0.658462,-0.155861,-0.137105,-0.544051
-0.945712,0.106431,0.173791,0.65871,-0.155811,-0.137148,-0.54393
-0.945759,0.106327,0.173831,0.658388,-0.155379,-0.137245,-0.543662
-0.945629,0.106429,0.173871,0.658773,-0.155686,-0.137182,-0.54418
-0.945667,0.106418,0.173941,0.658622,-0.155432,-0.137458,-0.543616
-0.945703,0.106398,0.173804,0.658499,-0.155078,-0.137095,-0.543621
-0.945581,0.106619,0.174039,0.658861,-0.155107,-0.137263,-0.543559
-0.945737,0.106535,0.174043,0.65856,-0.154709,-0.137088,-0.544083
-0.94556,0.106549,0.173841,0.658815,-0.155111,-0.137172,-0.543998
-0.945543,0.106678,0.174111,0.659002,-0.155014,-0.137294,-0.543903
-0.945631,0.106526,0.173827,0.658738,-0.154667,-0.137228,-0.543518
-0.945484,0.106603,0.173819,0.659091,-0.1548,-0.137068,-0.544191
-0.945531,0.106594,0.173961,0.658939,-0.154531,-0.137404,-0.542995
-0.945471,0.106606,0.173882,0.658951,-0.154264,-0.13717,-0.542523
-0.945457,0.106742,0.174086,0.659193,-0.154486,-0.137309,-0.542812
-0.945585,0.106638,0.173885,0.658978,-0.154124,-0.136979,-0.542906
-0.945396,0.106695,0.173865,0.659285,-0.154577,-0.137167,-0.543345
-0.945385,0.10673,0.173884,0.659508,-0.15456,-0.137168,-0.543203
-0.945527,0.106678,0.173881,0.659181,-0.154244,-0.137232,-0.542542
-0.945427,0.106792,0.174056,0.659536,-0.154453,-0.137113,-0.543175
-0.945527,0.106841,0.173974,0.65952,-0.15458,-0.137073,-0.543962
-0.945652,0.106773,0.173854,0.659356,-0.154481,-0.136838,-0.544467
-0.945509,0.106907,0.173923,0.659684,-0.1544,-0.137021,-0.542689
-0.945641,0.106801,0.173743,0.659544,-0.154223,-0.136727,-0.543536
-0.945522,0.106865,0.173835,0.659706,-0.154567,-0.137041,-0.54256
-0.945589,0.107069,0.174302,0.659784,-0.154475,-0.137122,-0.543315
-0.945657,0.106941,0.173946,0.659554,-0.154045,-0.136973,-0.542112
-0.945618,0.106953,0.174135,0.65975,-0.154164,-0.137059,-0.542763
-0.945651,0.106968,0.174014,0.659808,-0.154335,-0.137076,-0.542722
-0.945797,0.106911,0.174085,0.659514,-0.153952,-0.137164,-0.542812
-0.945731,0.107143,0.174254,0.659862,-0.154166,-0.137111,-0.542472
-0.945915,0.106968,0.174004,0.659503,-0.15362,-0.136983,-0.542546
-0.945792,0.107032,0.174425,0.659757,-0.15412,-0.137568,-0.542092
-0.94581,0.107103,0.174295,0.660087,-0.154373,-0.13735,-0.54379
-0.946002,0.107095,0.174381,0.65971,-0.154008,-0.137381,-0.543197
-0.945879,0.107071,0.174383,0.660021,-0.154098,-0.137516,-0.542746
-0.945915,0.107057,0.174275,0.660056,-0.154187,-0.13757,-0.542721
-0.946073,0.107019,0.174317,0.659863,-0.15405,-0.1375,-0.543138
-0.945972,0.107242,0.174749,0.660204,-0.154197,-0.137887,-0.542443
-0.946182,0.107147,0.174673,0.659899,-0.153809,-0.13766,-0.543138
-0.946053,0.107134,0.174635,0.660037,-0.154025,-0.137952,-0.541783
-0.946089,0.107303,0.174831,0.660387,-0.1544,-0.137925,-0.54456
-0.946246,0.107187,0.174809,0.659998,-0.154006,-0.138051,-0.542966
-0.946177,0.107161,0.17476,0.660087,-0.15376,-0.13796,-0.54206
-0.946154,0.107232,0.174949,0.660217,-0.153943,-0.138178,-0.542625
-0.946262,0.107096,0.174685,0.66014,-0.15391,-0.138075,-0.543614
-0.946094,0.107206,0.174733,0.660485,-0.15385,-0.138142,-0.541987
-0.946308,0.10718,0.174589,0.660185,-0.153539,-0.137803,-0.542386
-0.946286,0.107288,0.175038,0.66035,-0.153788,-0.138072,-0.542804
-0.946258,0.107396,0.175149,0.660531,-0.15386,-0.138326,-0.543089
-0.946346,0.107253,0.174974,0.660286,-0.153646,-0.138305,-0.542831
-0.946187,0.107282,0.174909,0.66074,-0.153825,-0.138171,-0.542968
-0.946267,0.107336,0.174995,0.660714,-0.153924,-0.138184,-0.543594
-0.946415,0.107307,0.175259,0.660426,-0.153613,-0.138416,-0.542818
-0.946294,0.107431,0.175312,0.66097,-0.154059,-0.138485,-0.542995
-0.946509,0.107381,0.175368,0.660604,-0.153606,-0.138296,-0.54369
-0.946293,0.107356,0.175203,0.660942,-0.153983,-0.138477,-0.542531
-0.946356,0.107598,0.175628,0.661091,-0.153935,-0.138474,-0.543451
-0.946351,0.107462,0.175562,0.661059,-0.153848,-0.13863,-0.543431
-0.94635,0.107468,0.175513,0.661199,-0.153883,-0.138459,-0.543382
-0.946396,0.107519,0.175727,0.661129,-0.153844,-0.138641,-0.542566
-0.94654,0.107456,0.175513,0.661046,-0.154014,-0.13833,-0.54472
-0.946328,0.107445,0.17547,0.6615,-0.154045,-0.13861,-0.542376
-0.946571,0.107521,0.175585,0.661128,-0.153782,-0.138426,-0.543511
-0.946394,0.107541,0.175694,0.661357,-0.153864,-0.13859,-0.541761
-0.946493,0.107724,0.175912,0.661585,-0.154082,-0.13857,-0.543866
-0.946573,0.107545,0.175729,0.66131,-0.153655,-0.138563,-0.541823
-0.946479,0.107606,0.175719,0.661618,-0.153744,-0.138419,-0.54216
-0.946499,0.107601,0.175764,0.66162,-0.153788,-0.138522,-0.542404
-0.946624,0.107575,0.175584,0.66151,-0.153601,-0.138262,-0.542301
-0.946509,0.107787,0.17607,0.661904,-0.153775,-0.138565,-0.541617
-0.946657,0.107712,0.175859,0.661685,-0.153382,-0.138238,-0.541793
-0.946505,0.107704,0.176076,0.661942,-0.153799,-0.138671,-0.541072
-0.946627,0.107869,0.176098,0.662069,-0.153826,-0.138453,-0.543242
-0.946603,0.107729,0.176115,0.662028,-0.153644,-0.138612,-0.542093
-0.94649,0.107772,0.176231,0.662393,-0.153681,-0.138761,-0.541579
-0.946442,0.107804,0.176024,0.662511,-0.153721,-0.138555,-0.542355
-0.946634,0.107787,0.176237,0.662281,-0.153574,-0.13863,-0.541893
-0.94641,0.107847,0.176372,0.662766,-0.153673,-0.138826,-0.541814
-0.94662,0.107826,0.176351,0.662593,-0.153566,-0.138613,-0.54307
-0.946501,0.107955,0.176837,0.662605,-0.15346,-0.139114,-0.541018
-0.946473,0.108098,0.176922,0.663047,-0.15379,-0.139003,-0.543656
-0.946566,0.107937,0.176625,0.662748,-0.153416,-0.138938,-0.542446
-0.946433,0.107985,0.176823,0.663019,-0.153298,-0.139027,-0.541728
-0.946448,0.108017,0.176777,0.66301,-0.153219,-0.139011,-0.541986
-0.946625,0.108037,0.176859,0.662769,-0.152972,-0.138907,-0.542199
-0.946497,0.108209,0.177348,0.663107,-0.153139,-0.139334,-0.541827
-0.946601,0.107983,0.176797,0.662947,-0.15276,-0.138995,-0.541408
-0.946523,0.108093,0.177256,0.662986,-0.152835,-0.139489,-0.540739
-0.946459,0.10829,0.177644,0.663302,-0.15288,-0.139509,-0.541835
-0.946643,0.108252,0.177994,0.662985,-0.152661,-0.139872,-0.541092
-0.946458,0.108246,0.177827,0.663283,-0.152591,-0.139671,-0.540953
-0.946559,0.108357,0.177967,0.663139,-0.152383,-0.139745,-0.540308
-0.946653,0.108301,0.177954,0.663002,-0.152387,-0.13967,-0.54156
-0.946507,0.108529,0.178408,0.663361,-0.152322,-0.139856,-0.540955
-0.946731,0.10838,0.178098,0.662982,-0.152027,-0.139605,-0.541066
-0.946532,0.10838,0.178159,0.663152,-0.152105,-0.139954,-0.539053
-0.946587,0.108602,0.178474,0.663322,-0.152209,-0.139964,-0.540637
-0.94669,0.108423,0.178127,0.663043,-0.151956,-0.139855,-0.540194
-0.946535,0.108427,0.178256,0.663318,-0.151955,-0.140024,-0.539657
-0.94661,0.108501,0.178235,0.663145,-0.151709,-0.139918,-0.540223
-0.94678,0.108511,0.178636,0.662921,-0.151744,-0.1402,-0.539699
-0.946651,0.108693,0.178683,0.663257,-0.151797,-0.140175,-0.53939
-0.946749,0.108651,0.178905,0.662987,-0.151461,-0.140249,-0.53957
-0.946712,0.10856,0.17854,0.662987,-0.151677,-0.140342,-0.539295
-0.946703,0.108652,0.178422,0.663163,-0.151621,-0.140069,-0.539878
-0.946758,0.108474,0.178113,0.662866,-0.151319,-0.140061,-0.538869
-0.946663,0.108567,0.178458,0.663094,-0.15138,-0.14028,-0.538965
-0.946743,0.108648,0.178409,0.662971,-0.15137,-0.140141,-0.539747
-0.946872,0.108486,0.178176,0.662703,-0.151245,-0.140114,-0.539473
-0.946684,0.108578,0.178283,0.663072,-0.151268,-0.140383,-0.538952
-0.946966,0.10859,0.178388,0.662589,-0.150886,-0.140214,-0.538466
-0.94679,0.108647,0.178758,0.662769,-0.151225,-0.140712,-0.538544
-0.946764,0.108585,0.178195,0.663058,-0.15144,-0.140489,-0.53945
-0.946932,0.108651,0.178552,0.662634,-0.151168,-0.140545,-0.53846
-0.946802,0.108546,0.178099,0.662856,-0.15114,-0.140421,-0.538191
-0.946893,0.108615,0.178211,0.662688,-0.151153,-0.140412,-0.539099
-0.94702,0.108547,0.178237,0.662339,-0.150807,-0.140547,-0.538111
-0.946922,0.108527,0.178009,0.662501,-0.150743,-0.140675,-0.536836
-0.947012,0.108543,0.178193,0.66234,-0.150624,-0.140646,-0.537503
-0.946985,0.108609,0.178252,0.662325,-0.150868,-0.140881,-0.537176
-0.946864,0.108556,0.177764,0.662623,-0.150941,-0.140651,-0.537417
-0.947143,0.10867,0.178221,0.662027,-0.150575,-0.140744,-0.536424
-0.946922,0.108544,0.177737,0.662364,-0.150721,-0.140707,-0.536072
-0.946958,0.10858,0.177742,0.662333,-0.150862,-0.140637,-0.537507
-0.947071,0.108513,0.177491,0.661911,-0.150338,-0.140432,-0.536571
-0.946947,0.108693,0.177748,0.662283,-0.150581,-0.140663,-0.535637
-0.947107,0.108577,0.177825,0.661899,-0.150539,-0.140845,-0.536408
-0.946962,0.108532,0.17745,0.662071,-0.150809,-0.140717,-0.535631
-0.946964,0.108679,0.177572,0.66227,-0.151003,-0.140658,-0.537467
-0.947064,0.108588,0.177546,0.661751,-0.150408,-0.14077,-0.535207
-0.946904,0.108528,0.177317,0.662106,-0.150761,-0.140668,-0.535433
-0.946956,0.108645,0.177281,0.661914,-0.150698,-0.140465,-0.536336
-0.946989,0.108556,0.177172,0.661868,-0.150742,-0.140446,-0.536193
-0.946953,0.108563,0.176963,0.662068,-0.151113,-0.140561,-0.535787
-0.947118,0.108548,0.177088,0.661703,-0.151085,-0.140635,-0.536328
-0.947018,0.108607,0.177291,0.661736,-0.151173,-0.140818,-0.535098
-0.947007,0.108675,0.176916,0.661855,-0.151205,-0.140561,-0.536549
-0.947227,0.108681,0.177124,0.661437,-0.151134,-0.140606,-0.536518
-0.947,0.108587,0.176891,0.661706,-0.151084,-0.140582,-0.536096
-0.947065,0.108646,0.176753,0.661604,-0.151275,-0.140411,-0.536401
-0.947201,0.108484,0.176444,0.66132,-0.151149,-0.14038,-0.535857
-0.94709,0.10871,0.17689,0.661541,-0.151194,-0.140699,-0.534929
-0.947236,0.108607,0.176747,0.661142,-0.150763,-0.140477,-0.535749
-0.947113,0.108726,0.177055,0.661253,-0.15124,-0.140864,-0.534725
-0.947109,0.108798,0.176692,0.661481,-0.151421,-0.14055,-0.536385
-0.947313,0.108838,0.176865,0.661024,-0.151188,-0.140434,-0.536034
-0.947026,0.108642,0.176487,0.661394,-0.151169,-0.140631,-0.534745
-0.947118,0.108809,0.176831,0.661186,-0.151204,-0.140702,-0.535149
-0.947279,0.108813,0.176915,0.660744,-0.150874,-0.140647,-0.53498
-0.947116,0.108927,0.17689,0.661121,-0.151096,-0.140706,-0.534103
-0.947261,0.108845,0.176824,0.660742,-0.150594,-0.140536,-0.534769
-0.947099,0.108863,0.176878,0.660906,-0.15102,-0.140896,-0.533355
-0.947055,0.108892,0.176696,0.661056,-0.150972,-0.140723,-0.53403
-0.947274,0.108929,0.17698,0.660723,-0.150995,-0.140907,-0.534627
-0.947012,0.108882,0.176778,0.66097,-0.150719,-0.140911,-0.533795
-0.947116,0.108948,0.176778,0.660842,-0.150899,-0.140903,-0.534328
-0.947186,0.108892,0.176635,0.660631,-0.150726,-0.140727,-0.535094
-0.947052,0.109076,0.176918,0.660888,-0.150702,-0.141069,-0.533087
-0.947137,0.108959,0.176819,0.660551,-0.150174,-0.140861,-0.532759
-0.947037,0.108977,0.176775,0.660657,-0.150607,-0.141149,-0.533213
-0.946997,0.109115,0.177,0.66078,-0.150501,-0.141246,-0.533812
-0.947068,0.10894,0.176578,0.660579,-0.150399,-0.141055,-0.533762
-0.947037,0.109024,0.176984,0.660497,-0.150068,-0.1413,-0.532887
-0.946934,0.109037,0.176779,0.66067,-0.150185,-0.141302,-0.532623
-0.946945,0.108878,0.176498,0.660476,-0.149809,-0.141318,-0.53257
-0.946787,0.109137,0.177063,0.660805,-0.150086,-0.141539,-0.532704
-0.946894,0.108988,0.176735,0.660482,-0.14945,-0.141357,-0.531828
-0.946779,0.109056,0.176716,0.660638,-0.149606,-0.141319,-0.531976
-0.946764,0.109173,0.176831,0.660829,-0.149885,-0.141684,-0.532717
-0.946844,0.109002,0.176716,0.660525,-0.149736,-0.141738,-0.532674
-0.946654,0.109156,0.176944,0.660886,-0.149881,-0.141653,-0.533632
-0.946652,0.109061,0.176457,0.660843,-0.149813,-0.141575,-0.532847
-0.946787,0.109021,0.176501,0.660422,-0.149238,-0.141575,-0.532244
-0.946636,0.109342,0.177185,0.660845,-0.149687,-0.141943,-0.532688
-0.946736,0.109087,0.176398,0.660561,-0.149122,-0.141494,-0.532348
-0.946535,0.109088,0.17638,0.660806,-0.149608,-0.1419,-0.531392
-0.946599,0.109408,0.177087,0.660851,-0.149554,-0.142035,-0.532852
-0.946485,0.109195,0.176607,0.660791,-0.149256,-0.14202,-0.530997
-0.946444,0.10927,0.176842,0.660852,-0.149238,-0.142106,-0.531864
-0.946454,0.109166,0.176051,0.660821,-0.149303,-0.141725,-0.532172
-0.946622,0.109285,0.176625,0.660541,-0.149262,-0.141831,-0.533233
-0.946423,0.109421,0.176653,0.660999,-0.149687,-0.142013,-0.533294
-0.946608,0.109285,0.176133,0.660632,-0.149459,-0.141778,-0.533357
-0.946429,0.109375,0.176565,0.660775,-0.149522,-0.14209,-0.532163
-0.946383,0.109557,0.176824,0.660943,-0.149598,-0.14211,-0.53401
-0.946478,0.109313,0.176401,0.660603,-0.149263,-0.142102,-0.53203
-0.946302,0.109428,0.176692,0.660965,-0.149472,-0.142115,-0.532966
-0.946329,0.109463,0.176473,0.660928,-0.149641,-0.14203,-0.533173
-0.946382,0.10935,0.176149,0.660775,-0.149429,-0.141732,-0.533237
-0.946233,0.109581,0.176811,0.661087,-0.149702,-0.142112,-0.532751
-0.946382,0.10946,0.176592,0.660815,-0.14944,-0.141804,-0.533073
-0.946207,0.109494,0.176702,0.661005,-0.149968,-0.142143,-0.532901
-0.94627,0.10973,0.177076,0.661035,-0.150042,-0.142024,-0.534596
-0.946236,0.109516,0.17655,0.660927,-0.149867,-0.141929,-0.533467
-0.94603,0.109659,0.177131,0.66115,-0.149733,-0.142106,-0.532537
-0.946046,0.109577,0.176684,0.661072,-0.149851,-0.141978,-0.531953
-0.946157,0.109568,0.176879,0.660847,-0.149802,-0.141907,-0.532867
-0.945896,0.109728,0.177116,0.661189,-0.149841,-0.141956,-0.532605
-0.94609,0.109699,0.177061,0.660801,-0.14936,-0.141568,-0.531652
-0.945831,0.109715,0.176848,0.661095,-0.149939,-0.141765,-0.531515
-0.945859,0.109974,0.177478,0.661214,-0.150107,-0.14177,-0.533047
-0.945892,0.109696,0.176967,0.660818,-0.149568,-0.141668,-0.53052
-0.945719,0.109837,0.177411,0.661116,-0.149733,-0.141631,-0.531615
-0.945666,0.109817,0.17726,0.661185,-0.149914,-0.14174,-0.531055
-0.945775,0.109814,0.177539,0.660804,-0.149492,-0.141684,-0.530546
-0.945631,0.110094,0.177777,0.661251,-0.150046,-0.141506,-0.532136
-0.945706,0.10976,0.17716,0.660866,-0.149684,-0.141603,-0.530064
-0.945607,0.109952,0.177466,0.661112,-0.150117,-0.141433,-0.531155
-0.945494,0.110148,0.178063,0.661197,-0.149792,-0.14158,-0.531608
-0.945531,0.10996,0.177632,0.661047,-0.149764,-0.141444,-0.530916
-0.945296,0.110042,0.177829,0.661432,-0.149876,-0.141408,-0.532592
-0.94528,0.110013,0.177735,0.661343,-0.149781,-0.141558,-0.530441
-0.945476,0.109995,0.177923,0.66101,-0.149739,-0.141631,-0.531477
-0.945209,0.11018,0.177982,0.661489,-0.149821,-0.141551,-0.531327
-0.945377,0.110105,0.178073,0.661027,-0.149568,-0.141687,-0.531388
-0.944975,0.110098,0.177659,0.661661,-0.149972,-0.141524,-0.531147
-0.94515,0.110308,0.178533,0.661423,-0.149736,-0.141997,-0.532213
-0.945226,0.11005,0.177782,0.661092,-0.149418,-0.141731,-0.531913
-0.945022,0.110134,0.178171,0.661349,-0.149269,-0.141846,-0.531692
-0.94505,0.110112,0.177941,0.661244,-0.149387,-0.141895,-0.531626
-0.945119,0.109957,0.177792,0.661035,-0.149019,-0.141861,-0.532049
-0.94499,0.110285,0.178262,0.661312,-0.14917,-0.141942,-0.531966
-0.944979,0.110082,0.177811,0.661293,-0.148877,-0.141673,-0.531525
-0.944727,0.110239,0.178099,0.661627,-0.149444,-0.142152,-0.531518
-0.944898,0.11041,0.178516,0.661494,-0.149417,-0.142135,-0.533558
-0.944821,0.110185,0.178121,0.661412,-0.149206,-0.142099,-0.533542
-0.944764,0.110173,0.17829,0.661473,-0.149087,-0.142313,-0.532597
-0.944527,0.110218,0.178082,0.661833,-0.149211,-0.142313,-0.533051
-0.944886,0.110136,0.1782,0.661136,-0.148911,-0.142327,-0.533434
-0.944704,0.11033,0.178609,0.661367,-0.14899,-0.142688,-0.531835
-0.944574,0.110191,0.17795,0.661623,-0.149254,-0.142524,-0.53278
-0.944635,0.11037,0.178498,0.661276,-0.14879,-0.142638,-0.531432
-0.944708,0.110367,0.178591,0.661202,-0.148563,-0.142832,-0.532795
-0.944884,0.110202,0.178182,0.660672,-0.14823,-0.142742,-0.531644
-0.944709,0.110309,0.178633,0.660939,-0.148357,-0.143108,-0.532061
-0.944547,0.110231,0.178282,0.661129,-0.148224,-0.143218,-0.531392
-0.944931,0.110106,0.178541,0.660308,-0.14767,-0.143704,-0.530828
-0.944943,0.110469,0.179368,0.660367,-0.147636,-0.144011,-0.531218
-0.944981,0.110207,0.178844,0.660152,-0.147306,-0.144136,-0.529838
-0.944708,0.110369,0.179255,0.660639,-0.147484,-0.144412,-0.529972
-0.944797,0.110572,0.179821,0.660701,-0.147648,-0.14478,-0.531288
-0.945081,0.110377,0.179497,0.660069,-0.14715,-0.144755,-0.529874
-0.944955,0.110547,0.180252,0.660323,-0.147137,-0.145348,-0.529376
-0.944787,0.110573,0.180411,0.660618,-0.147135,-0.145681,-0.529123
-0.945187,0.110532,0.180621,0.66005,-0.147034,-0.145753,-0.52982
-0.945111,0.11083,0.181122,0.660495,-0.147247,-0.145951,-0.529454
-0.944965,0.110716,0.180997,0.660807,-0.147467,-0.146077,-0.529879
-0.944859,0.11076,0.181269,0.661019,-0.147506,-0.146259,-0.528865
-0.945146,0.111001,0.181971,0.66095,-0.147548,-0.146521,-0.529798
-0.94524,0.110913,0.181898,0.660742,-0.147356,-0.146502,-0.528918
-0.945172,0.111085,0.182389,0.661187,-0.147709,-0.146654,-0.529262
-0.945075,0.111209,0.18236,0.661629,-0.147958,-0.146417,-0.529271
-0.945206,0.111172,0.182424,0.66159,-0.14806,-0.146359,-0.529658
-0.945306,0.111358,0.182961,0.661736,-0.148178,-0.146488,-0.529744
-0.945264,0.111542,0.183502,0.66202,-0.148339,-0.146524,-0.529547
-0.945232,0.111608,0.183682,0.662315,-0.148526,-0.146505,-0.528933
-0.945464,0.111756,0.184024,0.662519,-0.148988,-0.1465,-0.531281
-0.945594,0.111961,0.184861,0.662486,-0.148941,-0.146591,-0.530301
-0.945548,0.111961,0.184902,0.662991,-0.149394,-0.146436,-0.530587
-0.945507,0.112276,0.18542,0.663694,-0.150223,-0.146166,-0.532851
-0.945542,0.112267,0.185725,0.663921,-0.150402,-0.146216,-0.532143
-0.945761,0.112517,0.186227,0.664118,-0.150603,-0.145949,-0.53253
-0.945746,0.112623,0.186582,0.664603,-0.151034,-0.145753,-0.533017
-0.945804,0.112835,0.18714,0.665024,-0.151417,-0.145573,-0.532867
-0.946019,0.113084,0.187749,0.665274,-0.151706,-0.145374,-0.534181
-0.945971,0.113156,0.187882,0.665724,-0.151964,-0.144959,-0.534804
-0.945998,0.113248,0.188592,0.666385,-0.152885,-0.145085,-0.535865
-0.946038,0.113378,0.188729,0.666843,-0.153127,-0.144702,-0.536449
-0.946304,0.113423,0.189324,0.667005,-0.153562,-0.144617,-0.537717
-0.94618,0.113826,0.189969,0.667934,-0.154073,-0.144217,-0.537947
-0.946404,0.113737,0.189975,0.668131,-0.154253,-0.143904,-0.539399
-0.946258,0.113854,0.190504,0.668838,-0.154596,-0.143875,-0.539132
-0.946302,0.114173,0.191201,0.669608,-0.15517,-0.143563,-0.541433
-0.946474,0.114237,0.191598,0.669857,-0.155201,-0.14329,-0.541662
-0.946339,0.114369,0.192028,0.670796,-0.155779,-0.14322,-0.542473
-0.946282,0.114589,0.192555,0.67163,-0.156259,-0.14301,-0.543674
-0.946625,0.114668,0.192959,0.671612,-0.156129,-0.142584,-0.544049
-0.946485,0.11497,0.193621,0.672621,-0.156424,-0.142516,-0.544076
-0.946673,0.114993,0.194115,0.673002,-0.156732,-0.1423,-0.54521
-0.946264,0.115276,0.194802,0.674412,-0.15747,-0.142223,-0.546317
-0.946471,0.115476,0.1952,0.674828,-0.157377,-0.141907,-0.54739
-0.946607,0.115521,0.195674,0.675311,-0.157658,-0.141755,-0.548422
-0.946456,0.115581,0.196001,0.676417,-0.158232,-0.141561,-0.54974
-0.946205,0.115881,0.196776,0.677687,-0.158897,-0.141581,-0.551207
-0.946513,0.115935,0.197304,0.677818,-0.158636,-0.141331,-0.551402
-0.94619,0.1162,0.19761,0.679288,-0.159371,-0.14116,-0.552786
-0.946002,0.116295,0.198082,0.680534,-0.160089,-0.14106,-0.555125
-0.945886,0.116527,0.198649,0.681667,-0.160757,-0.140794,-0.556814
-0.945782,0.116819,0.199179,0.682566,-0.160799,-0.140554,-0.557117
-0.945617,0.117003,0.199988,0.683927,-0.162111,-0.140871,-0.560135
-0.945469,0.117172,0.200507,0.68485,-0.162272,-0.140804,-0.560794
-0.945295,0.117367,0.201225,0.686356,-0.163499,-0.141057,-0.562972
-0.945128,0.117539,0.201755,0.687438,-0.164084,-0.14099,-0.565358
-0.944944,0.117922,0.202547,0.688901,-0.164783,-0.140855,-0.566247
-0.944727,0.117987,0.203012,0.690159,-0.165814,-0.14107,-0.568839
-0.944468,0.118244,0.203507,0.691581,-0.165594,-0.140057,-0.570287
-0.944252,0.118615,0.204677,0.693039,-0.16684,-0.141034,-0.571656
-0.943987,0.118758,0.205304,0.694462,-0.167696,-0.140997,-0.5736
-0.943622,0.119034,0.206124,0.696219,-0.168235,-0.14068,-0.575597
-0.943264,0.119409,0.207156,0.697876,-0.168993,-0.140673,-0.577509
-0.942895,0.119595,0.207819,0.699639,-0.170252,-0.140884,-0.580113
-0.942448,0.120034,0.208983,0.701553,-0.170661,-0.140974,-0.580533
-0.942087,0.120453,0.210185,0.703423,-0.171894,-0.141191,-0.58293
-0.941452,0.120777,0.211179,0.705606,-0.172961,-0.141683,-0.583429
-0.940918,0.12117,0.212154,0.707991,-0.174559,-0.142395,-0.585483
-0.940313,0.121473,0.213217,0.710251,-0.175732,-0.142835,-0.5872
-0.939615,0.121868,0.214502,0.712612,-0.17697,-0.143922,-0.587432
-0.938841,0.122282,0.215551,0.715222,-0.176244,-0.143235,-0.58823
-0.938145,0.122646,0.21676,0.717739,-0.178636,-0.144737,-0.589099
-0.937289,0.1234,0.218766,0.721046,-0.17886,-0.144911,-0.591842
-0.936494,0.12388,0.220606,0.723909,-0.180377,-0.146628,-0.592425
-0.935545,0.124432,0.222356,0.727095,-0.181768,-0.148028,-0.593655
-0.934705,0.125338,0.224935,0.730624,-0.183498,-0.149858,-0.596972
-0.933536,0.125972,0.226845,0.734175,-0.184831,-0.151354,-0.597715
-0.932345,0.126503,0.228823,0.737898,-0.186053,-0.15369,-0.598107
-0.93115,0.127271,0.230832,0.74164,-0.1872,-0.15568,-0.60038
-0.929921,0.127808,0.232595,0.745397,-0.188196,-0.157875,-0.601116
-0.928654,0.128597,0.234908,0.749578,-0.189217,-0.159939,-0.6021
-0.927275,0.129372,0.236762,0.753536,-0.189894,-0.162201,-0.603443
-0.925765,0.130073,0.23883,0.757908,-0.190625,-0.165011,-0.603712
-0.923818,0.130779,0.239861,0.763182,-0.191195,-0.167223,-0.603804
-0.922472,0.131478,0.24193,0.767123,-0.19123,-0.169899,-0.604418
-0.920667,0.132275,0.243711,0.772185,-0.191573,-0.171971,-0.606293
-0.919165,0.133227,0.245951,0.776638,-0.191471,-0.174092,-0.607394
-0.917674,0.134041,0.248435,0.780878,-0.190782,-0.177263,-0.608393
-0.915941,0.135077,0.250525,0.785847,-0.190526,-0.179812,-0.609702
-0.91399,0.135873,0.252268,0.790895,-0.189844,-0.18242,-0.610464
-0.912123,0.136737,0.253821,0.795818,-0.188554,-0.184212,-0.611073
-0.910128,0.137691,0.255658,0.801306,-0.187528,-0.186461,-0.613041
-0.908161,0.138814,0.258093,0.806559,-0.186296,-0.188945,-0.614836
-0.90598,0.139833,0.260127,0.812003,-0.18437,-0.191291,-0.615732
-0.904094,0.140789,0.261748,0.817197,-0.182568,-0.193316,-0.618452
-0.901961,0.141413,0.26299,0.822471,-0.180463,-0.19555,-0.618537
-0.899827,0.142718,0.265451,0.828087,-0.177825,-0.197732,-0.619826
-0.897856,0.143677,0.267146,0.833035,-0.175178,-0.199855,-0.621254
-0.895689,0.144955,0.269587,0.838633,-0.172648,-0.202082,-0.623929
-0.893443,0.146283,0.271822,0.844239,-0.169957,-0.204479,-0.625803
-0.891178,0.147426,0.273945,0.850057,-0.167246,-0.206693,-0.628213
-0.888766,0.148644,0.27621,0.856088,-0.164464,-0.20893,-0.629669
-0.886501,0.149816,0.278021,0.86181,-0.161414,-0.211291,-0.632032
-0.884201,0.150781,0.27989,0.867501,-0.158787,-0.213883,-0.634753
-0.881672,0.151697,0.280935,0.873809,-0.155822,-0.216048,-0.636185
-0.879286,0.153047,0.283339,0.88023,-0.153118,-0.218528,-0.639549
-0.876631,0.154305,0.285177,0.886789,-0.150808,-0.22068,-0.641638
-0.873895,0.155651,0.287518,0.893739,-0.14834,-0.223113,-0.643452
-0.870693,0.156326,0.287644,0.901069,-0.145638,-0.225234,-0.645098
-0.867509,0.157221,0.288601,0.908395,-0.142786,-0.228005,-0.646509
-0.864605,0.158358,0.289782,0.915383,-0.139604,-0.230557,-0.648084
-0.861502,0.159417,0.291414,0.922589,-0.136747,-0.233595,-0.649889
-0.858177,0.160169,0.29248,0.929898,-0.133351,-0.237254,-0.649303
-0.85545,0.161436,0.293582,0.936946,-0.130097,-0.239771,-0.652525
-0.852352,0.162614,0.295164,0.944016,-0.126372,-0.243534,-0.652049
-0.848857,0.163354,0.296163,0.951839,-0.122547,-0.247107,-0.653518
-0.845762,0.16483,0.297833,0.959453,-0.119212,-0.250258,-0.65502
-0.841802,0.165613,0.297459,0.968159,-0.11512,-0.253325,-0.655815
-0.838616,0.16728,0.299906,0.976091,-0.112182,-0.257773,-0.65983
-0.835215,0.16838,0.301115,0.984236,-0.107519,-0.261603,-0.661298
-0.831826,0.169301,0.301833,0.992533,-0.103347,-0.265417,-0.662879
-0.827827,0.170432,0.30246,1.00163,-0.0993743,-0.269289,-0.664687
-0.823692,0.171582,0.303273,1.01055,-0.0944164,-0.273693,-0.666172
-0.819698,0.172613,0.30396,1.01965,-0.0895182,-0.278203,-0.66842
-0.815914,0.173348,0.303825,1.0286,-0.0845615,-0.282152,-0.670026
-0.811411,0.174665,0.305213,1.03852,-0.0796818,-0.287272,-0.673533
-0.807219,0.176066,0.306139,1.04807,-0.0741457,-0.291125,-0.676299
-0.802892,0.177076,0.30693,1.05762,-0.0684629,-0.297161,-0.680569
-0.798404,0.178326,0.307667,1.06752,-0.0615698,-0.302303,-0.682672
-0.793826,0.179262,0.307538,1.07768,-0.0557164,-0.306964,-0.686388
-0.788974,0.179909,0.30698,1.08781,-0.0479933,-0.311358,-0.689733
-0.784367,0.181422,0.308126,1.09799,-0.041499,-0.316155,-0.694119
-0.779178,0.181694,0.306901,1.10862,-0.0331283,-0.320792,-0.693448
-0.774521,0.183281,0.307261,1.11875,-0.0262119,-0.32553,-0.69546
-0.769409,0.184416,0.306892,1.13027,-0.0187659,-0.330428,-0.695286
-0.764075,0.184554,0.305364,1.14151,-0.0107247,-0.334434,-0.694462
-0.758935,0.185459,0.304919,1.15263,-0.00270451,-0.33955,-0.693211
-0.753607,0.185667,0.304046,1.16352,0.00574379,-0.344674,-0.691092
-0.747932,0.185806,0.302275,1.17496,0.0145649,-0.349049,-0.689136
-0.74258,0.186311,0.301282,1.18612,0.0236134,-0.35401,-0.686217
-0.737329,0.186777,0.300305,1.19708,0.0330925,-0.358992,-0.682724
-0.732405,0.187339,0.299365,1.20768,0.042836,-0.365106,-0.683848
-0.72637,0.187502,0.297752,1.21931,0.052142,-0.370693,-0.683919
-0.72102,0.188006,0.296815,1.23061,0.0616418,-0.375596,-0.682991
-0.715524,0.188335,0.296083,1.24207,0.0711753,-0.381181,-0.681044
-0.709833,0.188707,0.295054,1.254,0.079286,-0.386789,-0.680987
-0.70433,0.18922,0.293974,1.26538,0.0885636,-0.39147,-0.680466
-0.698984,0.189515,0.292901,1.27696,0.096736,-0.395337,-0.675751
-0.69351,0.189539,0.291634,1.28845,0.105084,-0.399368,-0.674758
-0.68816,0.190523,0.291133,1.30057,0.113014,-0.403854,-0.675269
-0.682177,0.190465,0.28992,1.31287,0.121618,-0.407815,-0.675662
-0.676815,0.190832,0.288355,1.32452,0.130119,-0.411932,-0.673414
-0.671125,0.19073,0.286956,1.3362,0.139577,-0.416829,-0.671825
-0.664882,0.190023,0.283555,1.34822,0.149154,-0.4204,-0.665694
-0.658986,0.1899,0.2813,1.36043,0.156825,-0.422956,-0.660028
-0.652559,0.189357,0.278761,1.37293,0.164344,-0.4244,-0.655162
-0.645631,0.188581,0.275048,1.38623,0.170769,-0.425668,-0.655941
-0.639794,0.188516,0.274116,1.39811,0.177991,-0.428716,-0.661597
-0.634431,0.188892,0.273552,1.40984,0.185786,-0.432533,-0.662629
-0.629107,0.188987,0.272679,1.42144,0.192851,-0.436848,-0.662855
-0.623454,0.18902,0.271522,1.43347,0.199848,-0.440744,-0.66227
-0.617782,0.189019,0.270173,1.4453,0.206863,-0.444491,-0.663018
-0.611952,0.188901,0.268691,1.4573,0.21312,-0.447921,-0.660478
-0.606139,0.188669,0.266955,1.46942,0.219853,-0.450608,-0.66104
-0.600257,0.188563,0.265214,1.48136,0.225189,-0.453125,-0.664379
-0.594429,0.188215,0.263692,1.49295,0.230954,-0.456475,-0.664385
-0.588756,0.188018,0.262092,1.50463,0.237709,-0.459399,-0.669093
-0.582602,0.187638,0.260474,1.51657,0.246635,-0.463339,-0.662818
-0.576738,0.187182,0.2587,1.52844,0.252367,-0.465653,-0.666136
-0.570728,0.186944,0.25736,1.54017,0.261303,-0.467902,-0.661214
-0.564738,0.186411,0.255823,1.55205,0.267965,-0.470866,-0.655697
-0.558703,0.185848,0.254659,1.5646,0.274349,-0.476164,-0.650152
-0.552699,0.185298,0.253298,1.57667,0.28125,-0.479804,-0.644485
-0.546453,0.184431,0.251214,1.58856,0.287306,-0.481214,-0.642033
-0.540691,0.183863,0.249917,1.59995,0.2904,-0.481608,-0.638698
-0.534573,0.182975,0.248127,1.61232,0.293424,-0.483464,-0.636003
-0.528521,0.182194,0.246646,1.62472,0.297441,-0.486243,-0.627278
-0.522513,0.181594,0.244978,1.63691,0.30057,-0.487618,-0.62039
-0.516566,0.180996,0.243533,1.64924,0.304937,-0.489593,-0.616323
-0.510635,0.180146,0.241637,1.66133,0.306477,-0.491266,-0.616013
-0.504476,0.180146,0.240692,1.6727,0.309619,-0.492861,-0.614424
-0.498573,0.179771,0.239668,1.68398,0.315352,-0.495701,-0.614529
-0.49284,0.179517,0.238792,1.69534,0.319694,-0.497742,-0.614728
-0.487185,0.177817,0.236252,1.70672,0.324179,-0.496765,-0.608589
-0.481363,0.176847,0.234404,1.71881,0.326738,-0.496675,-0.610838
-0.475538,0.176015,0.232473,1.73009,0.330815,-0.496475,-0.608977
-0.469981,0.175035,0.230849,1.74119,0.334905,-0.496303,-0.605228
-0.464334,0.174383,0.229497,1.75275,0.339248,-0.497195,-0.60595
-0.458576,0.17376,0.228331,1.76388,0.343463,-0.498038,-0.602661
-0.453195,0.172738,0.22637,1.77532,0.344768,-0.496836,-0.611294
-0.447681,0.171913,0.224989,1.78642,0.34746,-0.496931,-0.611529
-0.442285,0.171274,0.22407,1.79705,0.354418,-0.498336,-0.606281
-0.436969,0.170591,0.222934,1.80774,0.358901,-0.498126,-0.604288
-0.431604,0.169987,0.221908,1.81865,0.364339,-0.499744,-0.603543
-0.426348,0.169332,0.2208,1.82894,0.363305,-0.498037,-0.605569
-0.421003,0.168581,0.219656,1.83966,0.36432,-0.4976,-0.60676
-0.416124,0.16753,0.218578,1.85008,0.369029,-0.497569,-0.601296
-0.410635,0.166683,0.217221,1.8608,0.371529,-0.497023,-0.601883
-0.405605,0.165942,0.215915,1.87113,0.375145,-0.497354,-0.602212
-0.400759,0.16557,0.215374,1.88167,0.374731,-0.4962,-0.602463
-0.395798,0.164751,0.214367,1.89187,0.376386,-0.495488,-0.60023
-0.390915,0.163645,0.212886,1.90187,0.377727,-0.494803,-0.59581
-0.386357,0.163026,0.212164,1.91192,0.378588,-0.494256,-0.594737
-0.381583,0.162714,0.211535,1.92171,0.37958,-0.493617,-0.597415
-0.377432,0.162082,0.210989,1.9316,0.380693,-0.493203,-0.595848
-0.372968,0.161844,0.210598,1.94075,0.381824,-0.493048,-0.594112
-0.368968,0.161014,0.209856,1.94983,0.38347,-0.492226,-0.591757
-0.364456,0.160968,0.208903,1.96027,0.379658,-0.490117,-0.608119
-0.360214,0.160684,0.208057,1.97025,0.378321,-0.488393,-0.620406
-0.356007,0.160784,0.208998,1.97785,0.382881,-0.490458,-0.597058
-0.352067,0.159847,0.207931,1.9872,0.383699,-0.48931,-0.596442
-0.348355,0.159683,0.207972,1.99598,0.385849,-0.490519,-0.59552
-0.344459,0.159022,0.206967,2.00493,0.384692,-0.488447,-0.599622
-0.340755,0.159185,0.207112,2.01332,0.385061,-0.487095,-0.596727
-0.337289,0.159436,0.207174,2.02187,0.384299,-0.486522,-0.599698
-0.333588,0.159919,0.207636,2.03008,0.385229,-0.487245,-0.59856
-0.330507,0.159648,0.207973,2.03805,0.385389,-0.48788,-0.594342
-0.327125,0.159622,0.208011,2.04598,0.386552,-0.487874,-0.587018
-0.324068,0.159693,0.208262,2.05361,0.386312,-0.487671,-0.575904
-0.320957,0.159867,0.208538,2.06165,0.385465,-0.486991,-0.573745
-0.317894,0.160066,0.208745,2.06915,0.386351,-0.486943,-0.571451
-0.314982,0.160219,0.208989,2.07672,0.384405,-0.485573,-0.568837
-0.311828,0.160726,0.209316,2.08364,0.384048,-0.485011,-0.572234
-0.308966,0.160759,0.209316,2.09108,0.383372,-0.484049,-0.571646
-0.306443,0.160777,0.209413,2.09803,0.383294,-0.482995,-0.572014
-0.303183,0.161623,0.209587,2.10474,0.383382,-0.482268,-0.571085
-0.300638,0.161586,0.209509,2.11181,0.383745,-0.481376,-0.568433
-0.298355,0.161971,0.209629,2.11897,0.382578,-0.480106,-0.568311
-0.296189,0.162663,0.210054,2.12513,0.38265,-0.479841,-0.564683
-0.293498,0.163606,0.210673,2.131,0.382855,-0.479637,-0.561151
-0.290906,0.164434,0.211107,2.13682,0.383886,-0.479488,-0.561234
-0.288736,0.165037,0.211325,2.14265,0.383199,-0.478227,-0.558342
-0.286483,0.165894,0.211762,2.14852,0.384179,-0.477833,-0.561615
-0.284207,0.166699,0.211967,2.15397,0.38311,-0.476348,-0.563812
-0.282128,0.167499,0.21234,2.15951,0.382173,-0.474919,-0.566371
-0.28034,0.168407,0.212578,2.16474,0.382505,-0.473939,-0.570489
-0.278678,0.169056,0.213048,2.16951,0.383515,-0.473367,-0.568248
-0.276813,0.17023,0.213728,2.17429,0.384581,-0.473112,-0.567778
-0.274829,0.171443,0.21431,2.17897,0.386245,-0.472814,-0.568405
-0.273706,0.17177,0.214424,2.18371,0.385231,-0.471261,-0.568346
-0.272098,0.172884,0.215021,2.18794,0.38743,-0.47104,-0.566275
-0.270988,0.173127,0.214987,2.19242,0.388155,-0.469134,-0.568188
-0.269456,0.17437,0.215633,2.1961,0.390476,-0.46865,-0.569192
-0.268555,0.175361,0.216205,2.19989,0.39132,-0.46809,-0.571119
-0.26754,0.17625,0.216599,2.20337,0.3939,-0.467665,-0.571677
-0.26691,0.176899,0.216951,2.20731,0.394539,-0.466764,-0.571009
-0.266109,0.17769,0.217077,2.21106,0.395594,-0.465623,-0.572796
-0.265055,0.178978,0.217907,2.21482,0.395878,-0.465585,-0.576896
-0.264719,0.179478,0.21828,2.21812,0.397089,-0.464696,-0.57687
-0.264063,0.180236,0.21839,2.22162,0.39804,-0.462729,-0.579435
-0.263677,0.181069,0.218675,2.22457,0.397613,-0.461716,-0.580052
-0.263008,0.182349,0.219079,2.22781,0.399251,-0.461392,-0.579377
-0.262594,0.183201,0.21927,2.23057,0.39914,-0.460411,-0.58115
-0.26219,0.184453,0.219696,2.23343,0.401071,-0.460332,-0.578642
-0.261888,0.185142,0.219712,2.23592,0.400294,-0.45911,-0.58107
-0.261381,0.186483,0.219941,2.23848,0.40062,-0.458934,-0.581469
-0.261313,0.187135,0.220087,2.24107,0.400305,-0.458211,-0.58159
-0.260941,0.188352,0.220078,2.24359,0.399402,-0.4578,-0.58376
-0.260894,0.189378,0.220197,2.24558,0.399238,-0.457585,-0.583422
-0.260599,0.190518,0.220392,2.24791,0.399391,-0.457503,-0.584601
-0.260407,0.191694,0.220403,2.25015,0.398976,-0.457495,-0.586492
-0.26047,0.192661,0.220403,2.25202,0.399063,-0.457265,-0.585546
-0.260262,0.19388,0.220456,2.25418,0.398474,-0.457224,-0.588303
-0.260316,0.194742,0.220456,2.25569,0.398268,-0.457415,-0.587899
-0.260686,0.19531,0.220484,2.25734,0.397642,-0.456475,-0.589096
-0.26079,0.196528,0.219973,2.25896,0.39615,-0.456843,-0.592838
-0.26085,0.197567,0.219877,2.26027,0.395397,-0.456734,-0.589742
-0.260815,0.198399,0.219907,2.26179,0.395698,-0.456503,-0.591651
-0.260873,0.199618,0.219754,2.26324,0.394926,-0.456823,-0.592878
-0.261117,0.200473,0.219711,2.26417,0.394026,-0.457355,-0.593599
-0.260696,0.201529,0.219552,2.26596,0.392991,-0.458047,-0.59573
-0.260695,0.202525,0.219286,2.26719,0.391304,-0.45843,-0.597263
-0.260832,0.203229,0.219035,2.26837,0.390974,-0.458809,-0.595535
-0.26107,0.204346,0.21875,2.26923,0.389949,-0.459717,-0.59769
-0.261115,0.205281,0.218564,2.27003,0.3892,-0.460496,-0.597525
-0.261171,0.20617,0.218192,2.2713,0.388473,-0.461335,-0.599762
-0.26119,0.207205,0.217947,2.27196,0.387303,-0.462289,-0.600072
-0.261271,0.208129,0.217784,2.27285,0.386246,-0.463117,-0.603133
-0.261203,0.209034,0.217509,2.27346,0.385896,-0.46449,-0.603507
-0.261321,0.209892,0.217354,2.27397,0.385312,-0.464994,-0.603735
-0.261229,0.21061,0.217127,2.27461,0.384832,-0.466155,-0.604331
-0.26117,0.211621,0.216679,2.27503,0.384067,-0.467327,-0.604661
-0.261121,0.212382,0.216541,2.27537,0.383743,-0.468294,-0.605146
-0.261169,0.213005,0.216305,2.27595,0.383088,-0.469128,-0.606447
-0.260973,0.213948,0.215932,2.27631,0.381951,-0.470069,-0.608995
-0.260981,0.214635,0.215573,2.27651,0.381484,-0.47084,-0.609006
-0.260881,0.21535,0.215235,2.27685,0.380267,-0.471556,-0.611281
-0.26078,0.215952,0.214784,2.27709,0.379365,-0.472188,-0.612491
-0.260487,0.216251,0.214517,2.27737,0.378967,-0.472658,-0.611677
-0.260286,0.217124,0.213922,2.27749,0.378179,-0.473441,-0.613262
-0.260133,0.217578,0.213612,2.27754,0.377681,-0.474127,-0.613305
-0.259779,0.217918,0.213076,2.27803,0.376602,-0.474456,-0.615755
-0.259531,0.218569,0.212694,2.27804,0.376423,-0.475442,-0.617145
-0.259216,0.219143,0.212325,2.27791,0.376467,-0.476434,-0.615665
-0.258768,0.219515,0.211855,2.27797,0.376254,-0.477001,-0.617504
-0.258483,0.219809,0.211196,2.2779,0.37597,-0.477558,-0.618741
-0.258074,0.220006,0.210902,2.27786,0.376551,-0.478455,-0.616679
-0.257573,0.220537,0.210206,2.27789,0.376016,-0.479206,-0.619319
-0.257063,0.220829,0.209777,2.27766,0.376807,-0.480002,-0.617903
-0.25659,0.220778,0.209269,2.27782,0.376188,-0.480497,-0.620917
-0.256182,0.221047,0.208551,2.27751,0.37624,-0.48121,-0.621258
-0.255738,0.22136,0.208063,2.27714,0.377144,-0.482326,-0.620178
-0.255159,0.221449,0.20749,2.27698,0.377528,-0.48328,-0.620932
-0.2545,0.221409,0.20674,2.27685,0.377753,-0.48392,-0.621838
-0.253961,0.221081,0.206369,2.27658,0.378533,-0.484631,-0.619669
-0.253196,0.221094,0.205638,2.27642,0.3787,-0.485361,-0.620993
-0.252603,0.221185,0.204879,2.27606,0.37946,-0.486788,-0.6201
-0.251918,0.220779,0.204295,2.27601,0.380219,-0.487601,-0.620738
-0.251242,0.220711,0.203473,2.27566,0.38108,-0.488863,-0.620068
-0.250675,0.220406,0.202669,2.27544,0.380835,-0.489603,-0.62057
-0.249742,0.220154,0.201938,2.27523,0.381545,-0.490699,-0.621061
-0.249024,0.219781,0.201122,2.27491,0.381918,-0.491956,-0.621158
-0.248181,0.219119,0.200439,2.27486,0.382117,-0.49313,-0.621789
-0.247171,0.219044,0.19955,2.27464,0.382898,-0.494924,-0.622511
-0.246389,0.218485,0.198728,2.27424,0.38403,-0.496174,-0.621124
-0.245443,0.217794,0.197869,2.27427,0.384326,-0.497219,-0.623141
-0.244575,0.217575,0.196997,2.27385,0.384806,-0.498763,-0.623643
-0.243796,0.216723,0.195863,2.27364,0.384976,-0.499672,-0.623318
-0.242654,0.216035,0.194885,2.27365,0.385294,-0.50076,-0.625306
-0.241617,0.215353,0.193936,2.2734,0.385987,-0.50211,-0.625925
-0.2407,0.214446,0.19296,2.2731,0.387447,-0.503209,-0.624093
-0.239553,0.213787,0.191962,2.27299,0.387317,-0.504578,-0.62531
-0.238526,0.212829,0.190945,2.27278,0.387944,-0.505601,-0.625796
-0.237322,0.211898,0.18998,2.27269,0.388456,-0.506757,-0.625712
-0.236304,0.211032,0.188775,2.27249,0.388966,-0.508075,-0.627138
-0.235214,0.209951,0.187715,2.27206,0.389819,-0.509337,-0.625366
-0.233991,0.208948,0.186573,2.27197,0.390484,-0.510764,-0.626795
-0.232728,0.207982,0.185482,2.27166,0.391308,-0.512232,-0.627067
-0.231654,0.206589,0.184463,2.27143,0.392484,-0.513528,-0.626074
-0.230337,0.205566,0.183122,2.27138,0.393225,-0.514692,-0.627311
-0.229118,0.204449,0.182157,2.2709,0.393976,-0.516005,-0.626653
-0.227693,0.20356,0.181127,2.27087,0.395439,-0.517593,-0.626538
-0.226226,0.202675,0.180276,2.27046,0.396523,-0.519433,-0.626061
-0.224928,0.201308,0.178964,2.2703,0.397608,-0.520666,-0.626771
-0.223645,0.199972,0.177905,2.27005,0.399021,-0.522085,-0.626778
-0.222425,0.198473,0.176668,2.26997,0.398966,-0.523197,-0.626932
-0.221001,0.197213,0.175699,2.26974,0.400695,-0.52468,-0.624871
-0.219735,0.195793,0.174387,2.26958,0.401533,-0.525907,-0.624938
-0.218527,0.19417,0.173198,2.26928,0.402598,-0.526915,-0.623815
-0.217138,0.1926,0.171998,2.26938,0.402844,-0.527985,-0.625476
-0.215889,0.191186,0.170893,2.26891,0.404167,-0.529347,-0.624759
-0.214677,0.189627,0.169767,2.26864,0.405316,-0.530423,-0.623358
-0.213105,0.188341,0.16871,2.26847,0.406599,-0.531792,-0.624164
-0.211756,0.186853,0.167629,2.26821,0.407604,-0.532947,-0.624164
-0.210527,0.185047,0.166556,2.26794,0.408299,-0.533854,-0.623721
-0.209089,0.183709,0.165456,2.2677,0.409741,-0.535168,-0.624468
-0.207873,0.182122,0.164413,2.26726,0.410872,-0.536483,-0.623751
-0.206447,0.180415,0.163408,2.26723,0.411779,-0.537702,-0.623934
-0.205121,0.179066,0.16236,2.26688,0.413126,-0.538937,-0.624925
-0.203919,0.177435,0.161431,2.26647,0.414053,-0.539909,-0.623775
-0.202466,0.175954,0.160496,2.26613,0.415836,-0.541085,-0.623831
-0.201178,0.174408,0.159549,2.26578,0.416289,-0.54191,-0.62412
-0.199866,0.172828,0.158578,2.26557,0.416787,-0.542921,-0.624282
-0.198498,0.171302,0.157648,2.26518,0.418683,-0.543866,-0.624357
-0.197149,0.169798,0.15693,2.26468,0.419789,-0.544774,-0.623394
-0.195689,0.168426,0.155806,2.26399,0.421792,-0.545348,-0.62731
-0.194251,0.16697,0.155099,2.26344,0.422604,-0.546111,-0.626331
-0.192871,0.165646,0.154381,2.26276,0.423715,-0.546835,-0.627115
-0.191172,0.164533,0.153779,2.26232,0.424928,-0.54789,-0.626495
-0.189956,0.163061,0.153271,2.26179,0.42495,-0.548773,-0.624805
-0.188421,0.161905,0.152743,2.26122,0.426767,-0.549827,-0.622294
-0.187076,0.160486,0.152068,2.26073,0.426874,-0.550141,-0.623198
-0.185726,0.159303,0.151664,2.25995,0.42821,-0.550916,-0.621174
-0.184296,0.157957,0.151195,2.25963,0.428835,-0.551459,-0.622193
-0.183053,0.156804,0.15065,2.25886,0.429536,-0.551881,-0.621759
-0.181805,0.155486,0.150199,2.2583,0.429415,-0.552553,-0.621722
-0.180438,0.154305,0.149649,2.25785,0.42856,-0.552605,-0.623609
-0.179241,0.153062,0.149205,2.25725,0.428936,-0.55279,-0.624057
-0.178092,0.151776,0.148708,2.2568,0.428756,-0.552993,-0.62503
-0.176947,0.150624,0.148039,2.25626,0.427321,-0.552569,-0.627567
-0.175794,0.149489,0.147709,2.2556,0.427232,-0.553003,-0.626979
-0.174802,0.14812,0.146759,2.25559,0.425249,-0.551775,-0.633058
-0.173749,0.147045,0.146046,2.25507,0.422777,-0.551202,-0.637099
-0.172849,0.145847,0.146074,2.25429,0.423464,-0.551663,-0.631564
-0.171738,0.144875,0.145674,2.2538,0.42133,-0.55139,-0.634741
-0.17079,0.143902,0.145251,2.25325,0.419596,-0.551107,-0.637386
-0.170058,0.142579,0.144571,2.2532,0.417845,-0.550535,-0.636105
-0.168831,0.141885,0.144501,2.25232,0.416641,-0.550553,-0.638389
-0.168235,0.140787,0.143996,2.25173,0.415618,-0.550058,-0.63929
-0.167416,0.139911,0.143438,2.25158,0.412561,-0.549588,-0.640753
-0.166606,0.139119,0.143084,2.2509,0.41169,-0.549344,-0.643904
-0.165999,0.138,0.142864,2.25051,0.40958,-0.54886,-0.643562
-0.16488,0.137453,0.142696,2.24997,0.408056,-0.548725,-0.645788
-0.164482,0.136432,0.142351,2.24918,0.406364,-0.548353,-0.647947
-0.163556,0.135952,0.142077,2.24899,0.403266,-0.548347,-0.648336
-0.162965,0.135147,0.141914,2.2484,0.401351,-0.547964,-0.653542
-0.162384,0.134419,0.141816,2.24772,0.399201,-0.547798,-0.654061
-0.161799,0.133679,0.141655,2.24752,0.396527,-0.547636,-0.654508
-0.161321,0.133095,0.141453,2.24643,0.395619,-0.547418,-0.65891
-0.160819,0.132591,0.141303,2.24565,0.394046,-0.547485,-0.660547
-0.16021,0.132131,0.1411,2.24516,0.391778,-0.547153,-0.665668
-0.159734,0.131484,0.141051,2.24453,0.391394,-0.547085,-0.665555
-0.159123,0.131024,0.141086,2.24399,0.390308,-0.547095,-0.665784
-0.158576,0.130869,0.141137,2.24311,0.389321,-0.547204,-0.666911
-0.158224,0.130412,0.141061,2.24254,0.387686,-0.547022,-0.669244
-0.15777,0.130018,0.141057,2.24215,0.387261,-0.546915,-0.669792
-0.157281,0.129835,0.141202,2.24143,0.385551,-0.546939,-0.671465
-0.157023,0.129457,0.141151,2.2407,0.383797,-0.54659,-0.673099
-0.156633,0.129105,0.141238,2.24015,0.38283,-0.546656,-0.672929
-0.156354,0.128894,0.14129,2.23953,0.381062,-0.546394,-0.674977
-0.155912,0.128654,0.141488,2.23904,0.381347,-0.546354,-0.673671
-0.155459,0.128638,0.141568,2.23846,0.379589,-0.546399,-0.676013
-0.155149,0.128462,0.141729,2.23779,0.378444,-0.54624,-0.675312
-0.155021,0.128169,0.1418,2.23728,0.377042,-0.545983,-0.676472
-0.154544,0.128294,0.141934,2.2367,0.376287,-0.54588,-0.677705
-0.154329,0.128177,0.14207,2.23617,0.375222,-0.545781,-0.677671
-0.154055,0.127975,0.142151,2.23574,0.374128,-0.545388,-0.679229
-0.153732,0.12814,0.142319,2.23514,0.373133,-0.545249,-0.680333
-0.15362,0.128133,0.142349,2.23458,0.372784,-0.545119,-0.677639
-0.153237,0.128224,0.142626,2.23402,0.372117,-0.544964,-0.67851
-0.153098,0.128151,0.142804,2.23336,0.37191,-0.544765,-0.677788
-0.152883,0.128294,0.142684,2.23322,0.370834,-0.544258,-0.680274
-0.152731,0.128284,0.143109,2.23239,0.370883,-0.544189,-0.678514
-0.152739,0.12826,0.143149,2.23197,0.370364,-0.543791,-0.678468
-0.152276,0.128583,0.143432,2.23149,0.370068,-0.543794,-0.6793
-0.152287,0.128593,0.143521,2.23099,0.369269,-0.543358,-0.67986
-0.152127,0.1287,0.143759,2.23062,0.369003,-0.543069,-0.678086
-0.151845,0.129023,0.14394,2.23018,0.36825,-0.542891,-0.679677
-0.151847,0.129134,0.144204,2.22959,0.368118,-0.542721,-0.677972
-0.151798,0.129153,0.144276,2.22935,0.367782,-0.542222,-0.678403
-0.151677,0.129449,0.144459,2.22876,0.367025,-0.542023,-0.67945
-0.151827,0.129422,0.144648,2.22827,0.366981,-0.541725,-0.677969
-0.151638,0.129815,0.144941,2.22788,0.366737,-0.541621,-0.678602
-0.151679,0.130064,0.145151,2.22731,0.366301,-0.54142,-0.678872
-0.151757,0.130311,0.14515,2.22706,0.365544,-0.541154,-0.678411
-0.151614,0.130658,0.145337,2.22656,0.365089,-0.540981,-0.679268
-0.151568,0.13077,0.145814,2.22609,0.365217,-0.540922,-0.678187
-0.151638,0.131047,0.145801,2.22579,0.364548,-0.540658,-0.678239
-0.151766,0.131059,0.14617,2.22536,0.364543,-0.540487,-0.677267
-0.151974,0.131191,0.146326,2.22492,0.363538,-0.540203,-0.677848
-0.151911,0.131522,0.146444,2.22481,0.362652,-0.539933,-0.680346
-0.152074,0.131771,0.146696,2.22428,0.362288,-0.539902,-0.680129
-0.152256,0.132141,0.146685,2.22405,0.361527,-0.539917,-0.679255
-0.152225,0.132137,0.147006,2.2237,0.361003,-0.539443,-0.679784
-0.152419,0.132373,0.147277,2.22326,0.361111,-0.539496,-0.678487
-0.152513,0.132907,0.147249,2.22316,0.36054,-0.539589,-0.67955
-0.152824,0.132737,0.147656,2.2226,0.360026,-0.539301,-0.679097
-0.153064,0.132931,0.147824,2.22222,0.359531,-0.539127,-0.678608
-0.153198,0.133279,0.148002,2.2219,0.358996,-0.538964,-0.680633
-0.153394,0.133574,0.148229,2.22153,0.358372,-0.538921,-0.680797
-0.153723,0.133565,0.148397,2.22132,0.358255,-0.538835,-0.679299
-0.153773,0.13399,0.148601,2.2209,0.35796,-0.538836,-0.680548
-0.154045,0.134188,0.14885,2.22053,0.356883,-0.538811,-0.680439
-0.154425,0.134197,0.148881,2.22043,0.356376,-0.538505,-0.680858
-0.154697,0.134406,0.14909,2.21993,0.355526,-0.538351,-0.681312
-0.155128,0.134519,0.149223,2.21951,0.355156,-0.538214,-0.680661
-0.155363,0.134749,0.149384,2.21922,0.354563,-0.538094,-0.68201
-0.155679,0.13495,0.149578,2.21884,0.354004,-0.538075,-0.682373
-0.156093,0.135061,0.149843,2.21841,0.353681,-0.538167,-0.681163
-0.156323,0.135305,0.149937,2.21815,0.352907,-0.537998,-0.682013
-0.156592,0.135423,0.150236,2.21772,0.352541,-0.538004,-0.680779
-0.157033,0.135576,0.150114,2.21768,0.35148,-0.537717,-0.682575
-0.15737,0.135683,0.150537,2.21709,0.351167,-0.537727,-0.682885
-0.157893,0.135714,0.150693,2.21677,0.350468,-0.537543,-0.68205
-0.158088,0.135932,0.150915,2.21646,0.350087,-0.537484,-0.682823
-0.158543,0.135991,0.151082,2.21596,0.349622,-0.537269,-0.682661
-0.15891,0.136175,0.151143,2.21576,0.349192,-0.537298,-0.681657
-0.159204,0.136236,0.151505,2.21531,0.349023,-0.537203,-0.68216
-0.159599,0.136257,0.151691,2.21486,0.348365,-0.536917,-0.681698
-0.159915,0.136319,0.151824,2.21472,0.347723,-0.536651,-0.682697
-0.160334,0.136506,0.152156,2.21414,0.347179,-0.536773,-0.682049
-0.160835,0.136475,0.152325,2.21377,0.346492,-0.536382,-0.681798
-0.16109,0.136636,0.152571,2.21344,0.346481,-0.536383,-0.682516
-0.161463,0.136649,0.152722,2.2131,0.345782,-0.536086,-0.682601
-0.161763,0.136687,0.152979,2.21285,0.345365,-0.535918,-0.682407
-0.162165,0.136798,0.153256,2.21235,0.34514,-0.535997,-0.682951
-0.162572,0.13687,0.153495,2.21193,0.344383,-0.535832,-0.682816
-0.162868,0.136778,0.153732,2.21173,0.34378,-0.535613,-0.682699
-0.163229,0.137027,0.154106,2.21115,0.34328,-0.535659,-0.683205
-0.163715,0.136938,0.154351,2.21075,0.34268,-0.535396,-0.68241
-0.163986,0.137062,0.154613,2.2104,0.342089,-0.535316,-0.683669
-0.164413,0.137078,0.154891,2.20987,0.341442,-0.53508,-0.683847
-0.164622,0.13721,0.155141,2.20965,0.340937,-0.534995,-0.684255
-0.164931,0.137221,0.155433,2.20918,0.341117,-0.534909,-0.684466
-0.16521,0.137298,0.155889,2.20864,0.340548,-0.534768,-0.682891
-0.16558,0.137276,0.156021,2.20839,0.339928,-0.53409,-0.68391
-0.1658,0.137364,0.156411,2.20782,0.339768,-0.534045,-0.68373
-0.166304,0.137227,0.156638,2.20727,0.338985,-0.533426,-0.683167
-0.166412,0.137386,0.156925,2.20699,0.338387,-0.533244,-0.685226
-0.166806,0.137364,0.157248,2.20629,0.338032,-0.533095,-0.684403
-0.167012,0.137271,0.157532,2.20593,0.338229,-0.532845,-0.683231
-0.167322,0.137359,0.15779,2.20534,0.33768,-0.532363,-0.684888
-0.167621,0.137333,0.158119,2.20473,0.337285,-0.532276,-0.684139
-0.16776,0.137219,0.158345,2.20448,0.337088,-0.531958,-0.68444
-0.168098,0.137282,0.158666,2.20382,0.336515,-0.531731,-0.684797
-0.168464,0.137142,0.158939,2.2033,0.335942,-0.531485,-0.683675
-0.168518,0.137262,0.159187,2.20293,0.335108,-0.531307,-0.685299
-0.168771,0.137219,0.159482,2.20241,0.334654,-0.531217,-0.685399
-0.169027,0.137096,0.159826,2.20194,0.334405,-0.531069,-0.684297
-0.169208,0.137136,0.16005,2.20138,0.33417,-0.530843,-0.684998
-0.169462,0.13702,0.160298,2.2008,0.333397,-0.530763,-0.685353
-0.169549,0.13687,0.16054,2.20046,0.333222,-0.530552,-0.68522
-0.169738,0.136881,0.160681,2.19994,0.332181,-0.530391,-0.687557
-0.169953,0.136766,0.160982,2.19932,0.332352,-0.530309,-0.685551
-0.170035,0.136763,0.161186,2.19886,0.331565,-0.530425,-0.68646
-0.170173,0.13666,0.161384,2.19821,0.331362,-0.530353,-0.686353
-0.170409,0.136379,0.161481,2.19793,0.33106,-0.530012,-0.686952
-0.17054,0.136428,0.161739,2.19727,0.330665,-0.530237,-0.68737
-0.170557,0.136401,0.16198,2.19669,0.330449,-0.530385,-0.686621
-0.170747,0.136065,0.162031,2.1964,0.32965,-0.529989,-0.687976
-0.170877,0.135967,0.162279,2.19574,0.329783,-0.53025,-0.687407
-0.171133,0.135824,0.162429,2.19519,0.329047,-0.530358,-0.687508
-0.171168,0.135732,0.16263,2.19472,0.328889,-0.530564,-0.687947
-0.171121,0.135667,0.162785,2.19413,0.328556,-0.530625,-0.688525
-0.171214,0.135475,0.163012,2.19366,0.328419,-0.530999,-0.687327
-0.171274,0.135445,0.163151,2.19309,0.328069,-0.531238,-0.688025
-0.171368,0.135275,0.163284,2.19252,0.327799,-0.531342,-0.688563
-0.171374,0.13504,0.163371,2.19227,0.32688,-0.531253,-0.690551
-0.171467,0.134942,0.163465,2.19172,0.3266,-0.531457,-0.690656
-0.171705,0.134724,0.163689,2.19095,0.326414,-0.531717,-0.690093
-0.171698,0.134521,0.163692,2.19051,0.325781,-0.531712,-0.690992
-0.171707,0.134418,0.163827,2.1899,0.325817,-0.531934,-0.691704
-0.171658,0.134255,0.163983,2.18946,0.325506,-0.532149,-0.691088
-0.171719,0.134093,0.164046,2.18885,0.325154,-0.532082,-0.692192
-0.1717,0.133985,0.164194,2.18823,0.324926,-0.532178,-0.691735
-0.171651,0.133702,0.164159,2.188,0.324141,-0.532085,-0.69267
-0.171757,0.133561,0.16433,2.18734,0.323992,-0.532171,-0.69261
-0.17182,0.133346,0.164338,2.18682,0.323042,-0.53207,-0.692667
-0.171697,0.133238,0.164488,2.18631,0.322798,-0.532389,-0.692762
-0.171845,0.132907,0.164385,2.18586,0.321721,-0.532266,-0.693808
-0.171673,0.132769,0.164491,2.18559,0.321292,-0.532615,-0.693808
-0.171625,0.132653,0.164538,2.1851,0.320817,-0.53287,-0.694978
-0.171624,0.132501,0.164607,2.18466,0.320098,-0.532912,-0.695351
-0.171623,0.132231,0.164621,2.18444,0.319152,-0.532792,-0.697318
-0.17157,0.132087,0.16454,2.18405,0.318788,-0.532696,-0.698664
-0.171599,0.131848,0.164552,2.18372,0.318138,-0.532635,-0.699258
-0.171404,0.131819,0.164674,2.18336,0.317641,-0.532728,-0.700508
-0.171415,0.131564,0.164573,2.18309,0.316662,-0.532559,-0.702387
-0.171321,0.131462,0.164522,2.18294,0.316275,-0.532509,-0.703387
-0.17132,0.13116,0.164546,2.18263,0.315762,-0.532397,-0.704552
-0.171284,0.131003,0.164575,2.18224,0.314753,-0.53224,-0.70516
-0.171108,0.130789,0.164565,2.1822,0.314345,-0.532211,-0.706901
-0.171255,0.130554,0.1645,2.18173,0.313564,-0.532199,-0.707856
-0.17117,0.130428,0.164536,2.18145,0.312795,-0.531896,-0.708481
-0.171058,0.130203,0.164539,2.18119,0.312107,-0.531797,-0.709222
-0.171001,0.130021,0.164495,2.18093,0.311535,-0.531663,-0.711019
-0.17093,0.129745,0.164555,2.18073,0.311324,-0.531667,-0.709618
-0.170758,0.129781,0.164525,2.18046,0.310613,-0.531549,-0.711616
-0.170766,0.129533,0.164534,2.18014,0.310164,-0.531539,-0.71173
-0.170621,0.129308,0.164565,2.18008,0.309924,-0.531337,-0.712083
-0.170555,0.129273,0.164551,2.1797,0.309304,-0.53121,-0.71427
-0.170651,0.128999,0.164583,2.17945,0.308963,-0.531249,-0.713323
-0.170404,0.129056,0.164929,2.17899,0.309657,-0.531982,-0.710683
-0.170421,0.128843,0.164906,2.17862,0.309361,-0.531614,-0.711287
-0.170311,0.128746,0.164694,2.17877,0.308509,-0.531359,-0.714141
-0.170095,0.12875,0.164884,2.17835,0.308912,-0.531513,-0.712761
-0.170061,0.128582,0.164857,2.17816,0.308135,-0.531141,-0.714146
-0.169932,0.128519,0.164704,2.17816,0.307283,-0.530884,-0.71634
-0.169965,0.12826,0.164813,2.17782,0.307562,-0.530778,-0.714711
-0.170024,0.128101,0.164661,2.17767,0.306598,-0.530297,-0.716897
-0.169775,0.128083,0.164806,2.1774,0.306937,-0.530342,-0.714744
-0.169726,0.128039,0.1647,2.17732,0.306116,-0.529743,-0.719143
-0.169672,0.127865,0.16472,2.17711,0.305857,-0.529859,-0.716646
-0.169457,0.127833,0.164678,2.17706,0.305576,-0.529485,-0.718673
-0.169416,0.127773,0.164772,2.17663,0.305589,-0.529424,-0.717034
-0.169274,0.127654,0.164792,2.17662,0.305548,-0.529441,-0.715836
-0.169361,0.127589,0.164793,2.17627,0.305191,-0.529232,-0.716727
-0.169381,0.127424,0.164675,2.17619,0.304393,-0.528851,-0.718293
-0.169154,0.127567,0.164926,2.17582,0.304907,-0.529167,-0.715033
-0.169212,0.127438,0.164914,2.17569,0.304861,-0.529018,-0.715379
-0.169113,0.12731,0.164845,2.17569,0.303859,-0.528844,-0.71573
-0.168934,0.12738,0.164667,2.17579,0.303213,-0.528449,-0.721059
-0.1689,0.127353,0.164676,2.17563,0.302698,-0.528259,-0.721092
-0.168765,0.127273,0.164668,2.17573,0.301633,-0.528152,-0.722281
-0.168715,0.127314,0.164736,2.17535,0.301738,-0.528342,-0.721953
-0.168786,0.127205,0.164745,2.17525,0.301294,-0.528137,-0.722294
-0.168537,0.127237,0.164744,2.1752,0.30116,-0.528176,-0.72228
-0.168602,0.127194,0.164855,2.1749,0.301225,-0.528115,-0.720898
-0.16865,0.127078,0.164947,2.17475,0.301009,-0.528028,-0.719829
-0.168542,0.127059,0.164927,2.17462,0.301366,-0.528183,-0.718834
-0.168413,0.127059,0.164854,2.17452,0.300653,-0.527824,-0.720012
-0.168324,0.127009,0.164764,2.1748,0.300258,-0.527594,-0.721354
-0.16826,0.127085,0.164956,2.17444,0.300287,-0.52766,-0.719896
-0.168347,0.126968,0.164872,2.17439,0.300008,-0.527424,-0.720609
-0.168152,0.127053,0.164657,2.17468,0.298855,-0.526915,-0.725505
-0.168073,0.127055,0.164813,2.17447,0.299309,-0.527135,-0.723923
-0.168095,0.126981,0.164891,2.17438,0.299524,-0.527255,-0.720108
-0.167975,0.127056,0.164912,2.17433,0.299518,-0.527226,-0.721745
-0.167879,0.127093,0.165054,2.17408,0.299949,-0.527521,-0.719709
-0.167875,0.126909,0.16503,2.17408,0.300268,-0.527487,-0.717716
-0.167803,0.127043,0.165134,2.17401,0.299886,-0.527369,-0.718462
-0.167937,0.126976,0.165036,2.17403,0.299494,-0.527226,-0.719331
-0.167773,0.12706,0.165034,2.17413,0.299242,-0.527132,-0.719922
-0.167599,0.127205,0.165063,2.17393,0.299448,-0.527065,-0.720389
-0.167585,0.127148,0.16502,2.17419,0.298949,-0.526843,-0.720417
-0.16755,0.127221,0.165037,2.17408,0.299183,-0.526862,-0.720842
-0.167526,0.127235,0.165054,2.17401,0.299144,-0.526902,-0.720518
-0.167502,0.127073,0.164987,2.17429,0.298724,-0.526457,-0.721092
-0.167499,0.127273,0.165036,2.1741,0.298846,-0.526591,-0.721014
-0.167569,0.127218,0.165044,2.1741,0.298944,-0.526592,-0.72021
-0.167483,0.127341,0.165063,2.17408,0.299158,-0.526734,-0.720093
-0.167539,0.127279,0.164999,2.17414,0.298765,-0.526468,-0.720942
-0.167341,0.127436,0.164955,2.17433,0.298751,-0.526364,-0.720434
-0.167378,0.127454,0.164996,2.17427,0.298943,-0.526375,-0.720509
-0.167417,0.127439,0.164965,2.17443,0.298534,-0.526291,-0.721773
-0.167294,0.127524,0.164947,2.17461,0.298907,-0.526405,-0.72065
-0.167327,0.127616,0.165011,2.17447,0.298991,-0.526394,-0.720748
-0.167464,0.127584,0.165044,2.17446,0.298971,-0.526411,-0.71994
-0.167232,0.127769,0.165,2.17461,0.299123,-0.526429,-0.720917
-0.167371,0.127721,0.16497,2.17463,0.298814,-0.526168,-0.721273
-0.167204,0.127831,0.165071,2.17484,0.298913,-0.526326,-0.719728
-0.167292,0.127917,0.165037,2.17488,0.298756,-0.526074,-0.721436
-0.167284,0.127918,0.164871,2.17515,0.297962,-0.525819,-0.723938
-0.167231,0.127896,0.165138,2.1751,0.299141,-0.526084,-0.719147
-0.167336,0.128002,0.165083,2.17506,0.299031,-0.526123,-0.720445
-0.167436,0.128006,0.165135,2.17513,0.298739,-0.526031,-0.720293
-0.167375,0.128066,0.165186,2.17513,0.299364,-0.526156,-0.718903
-0.16739,0.128176,0.165167,2.17532,0.298828,-0.525905,-0.719806
-0.167261,0.128304,0.165195,2.17564,0.298451,-0.525764,-0.721069
-0.167353,0.128407,0.165345,2.17538,0.299087,-0.525983,-0.719244
-0.167387,0.128393,0.1653,2.17562,0.298595,-0.525702,-0.72094
-0.167351,0.128437,0.165398,2.17584,0.298796,-0.525612,-0.72004
-0.167338,0.128644,0.165494,2.17574,0.29924,-0.525838,-0.720089
-0.167468,0.128585,0.165614,2.17582,0.299283,-0.525932,-0.718391
-0.167506,0.128734,0.165635,2.1759,0.29907,-0.52571,-0.72055
-0.167553,0.128788,0.165796,2.17586,0.299602,-0.52589,-0.71877
-0.167602,0.128706,0.16583,2.17617,0.299041,-0.525794,-0.718977
-0.167639,0.128997,0.165904,2.17619,0.299145,-0.525714,-0.7199
-0.167662,0.129107,0.166007,2.17624,0.299255,-0.525831,-0.720005
-0.167673,0.129007,0.166096,2.17659,0.299194,-0.525605,-0.719895
-0.167802,0.129098,0.166243,2.17651,0.299248,-0.525577,-0.719845
-0.167886,0.129213,0.16621,2.1768,0.298662,-0.525108,-0.721716
-0.167871,0.129298,0.166433,2.17684,0.299436,-0.525518,-0.719711
-0.167984,0.129301,0.166512,2.17689,0.299095,-0.525033,-0.720645
-0.167909,0.129355,0.166688,2.17715,0.299258,-0.525179,-0.720064
-0.168011,0.129543,0.166833,2.17723,0.299455,-0.525149,-0.720977
-0.16808,0.129632,0.166991,2.1773,0.299533,-0.52518,-0.720554
-0.168069,0.129609,0.167074,2.17771,0.299301,-0.524776,-0.721369
-0.16807,0.129753,0.167155,2.17775,0.299415,-0.524685,-0.721932
-0.168341,0.129782,0.167424,2.17778,0.299522,-0.524769,-0.721439
-0.168309,0.12985,0.167484,2.17798,0.299575,-0.524559,-0.722021
-0.168369,0.129974,0.167695,2.17804,0.299875,-0.52444,-0.722851
-0.168338,0.130024,0.167924,2.17833,0.299551,-0.524158,-0.722664
-0.168428,0.130172,0.168044,2.17849,0.299776,-0.524019,-0.724531
-0.168482,0.130297,0.168333,2.1785,0.299756,-0.523946,-0.723401
-0.16851,0.130347,0.168434,2.17897,0.299557,-0.52369,-0.725474
-0.168533,0.130557,0.168758,2.17887,0.299936,-0.523745,-0.725107
-0.168748,0.130572,0.16894,2.17897,0.299845,-0.523517,-0.725637
-0.168776,0.130639,0.169149,2.17916,0.300021,-0.523275,-0.726511
-0.168807,0.130745,0.169445,2.17932,0.300158,-0.523005,-0.726021
-0.168872,0.130737,0.169757,2.17954,0.30011,-0.523276,-0.725051
-0.168919,0.130955,0.170133,2.17949,0.30087,-0.52326,-0.724009
-0.168978,0.131128,0.170423,2.17958,0.300563,-0.522957,-0.72479
-0.169211,0.131094,0.170819,2.17967,0.30131,-0.523103,-0.723421
-0.169128,0.131339,0.17109,2.17982,0.301213,-0.5228,-0.724053
-0.169341,0.131408,0.171398,2.18002,0.300979,-0.522584,-0.725041
-0.169357,0.131549,0.171872,2.17994,0.30199,-0.522678,-0.723082
-0.169405,0.131693,0.172316,2.17989,0.30286,-0.522681,-0.720578
-0.169563,0.131759,0.172388,2.18035,0.30126,-0.522081,-0.724876
-0.169569,0.131923,0.172776,2.18045,0.301988,-0.521841,-0.725452
-0.169681,0.132092,0.173307,2.1803,0.302333,-0.521613,-0.723724
-0.16973,0.132117,0.173731,2.18049,0.302929,-0.521383,-0.722306
-0.169867,0.132386,0.174171,2.18047,0.302972,-0.521284,-0.723341
-0.170095,0.132408,0.174538,2.18053,0.302893,-0.520996,-0.723523
-0.170112,0.132571,0.174943,2.18058,0.303303,-0.520473,-0.72388
-0.17024,0.132788,0.175434,2.18072,0.303623,-0.52024,-0.724711
-0.170307,0.132788,0.175851,2.18089,0.302711,-0.519852,-0.724789
-0.170324,0.133089,0.176262,2.18098,0.303462,-0.519489,-0.726233
-0.170346,0.133307,0.177066,2.18062,0.304419,-0.519657,-0.720686
-0.170532,0.133307,0.177834,2.1807,0.305469,-0.51966,-0.719852
-0.170677,0.133564,0.17875,2.18017,0.306869,-0.520032,-0.71419
-0.170802,0.133733,0.179166,2.18027,0.306264,-0.519335,-0.715962
-0.17074,0.134093,0.179665,2.18039,0.306468,-0.518658,-0.719054
-0.17086,0.134251,0.180843,2.17973,0.309062,-0.519623,-0.710034
-0.171006,0.134286,0.181146,2.18013,0.307056,-0.518805,-0.71438
-0.170921,0.134613,0.182005,2.17985,0.308833,-0.518777,-0.711548
-0.171165,0.134854,0.182625,2.17967,0.308601,-0.518415,-0.711952
-0.171137,0.134977,0.183613,2.17943,0.310273,-0.51873,-0.706446
-0.171273,0.13528,0.184285,2.17913,0.310575,-0.518233,-0.706738
-0.171591,0.135385,0.184597,2.17943,0.30912,-0.517187,-0.712766
-0.171517,0.135679,0.18577,2.17886,0.311716,-0.517782,-0.706004
-0.171645,0.135947,0.186489,2.17873,0.312139,-0.517161,-0.706494
-0.171745,0.136041,0.187034,2.17894,0.309787,-0.516165,-0.710657
-0.171705,0.136473,0.188089,2.17847,0.312096,-0.516333,-0.706528
-0.171835,0.136796,0.188539,2.17854,0.310624,-0.51523,-0.712374
-0.171825,0.137003,0.18984,2.17823,0.31304,-0.515679,-0.704827
-0.172054,0.137273,0.190642,2.17772,0.313408,-0.515347,-0.704843
-0.172341,0.137414,0.191439,2.17747,0.312822,-0.51473,-0.704952
-0.172221,0.137809,0.192352,2.1773,0.313913,-0.514377,-0.706271
-0.172393,0.138086,0.193203,2.17701,0.314446,-0.513827,-0.706572
-0.17251,0.138258,0.194041,2.17697,0.312448,-0.51329,-0.707511
-0.172533,0.138682,0.194942,2.17663,0.314889,-0.51178,-0.707577
-0.172696,0.138909,0.195964,2.17621,0.314495,-0.511404,-0.706778
-0.1728,0.139034,0.196857,2.1762,0.313125,-0.510749,-0.708117
-0.172861,0.139478,0.197832,2.17574,0.313394,-0.510075,-0.708593
-0.173199,0.139608,0.198759,2.17525,0.31246,-0.509295,-0.708206
-0.173108,0.14003,0.19974,2.17507,0.313207,-0.508638,-0.709099
-0.173171,0.140449,0.200809,2.17463,0.312818,-0.508009,-0.71037
-0.17341,0.140564,0.201777,2.17426,0.312005,-0.506827,-0.710403
-0.173299,0.14102,0.202709,2.1741,0.31198,-0.506012,-0.713179
-0.173403,0.141356,0.203772,2.1736,0.311211,-0.505357,-0.71354
-0.173383,0.141587,0.204756,2.17344,0.310945,-0.504417,-0.714319
-0.173523,0.142073,0.205906,2.17272,0.310873,-0.503854,-0.714704
-0.173675,0.14232,0.207091,2.17218,0.310395,-0.503336,-0.713406
-0.173593,0.142689,0.208017,2.17189,0.30973,-0.501914,-0.716092
-0.173718,0.142977,0.209031,2.17154,0.309242,-0.500687,-0.718573
-0.173643,0.143304,0.210059,2.17126,0.307222,-0.499764,-0.720267
-0.173716,0.143769,0.211259,2.1707,0.307301,-0.498754,-0.720822
-0.173768,0.144118,0.212458,2.17006,0.306597,-0.497749,-0.720657
-0.173575,0.144466,0.213739,2.16964,0.307136,-0.496993,-0.718836
-0.173659,0.144911,0.21488,2.16899,0.306285,-0.495846,-0.719626
-0.173853,0.145209,0.216056,2.16842,0.305394,-0.495061,-0.719357
-0.17374,0.145618,0.217462,2.16773,0.305352,-0.494055,-0.717179
-0.173684,0.146019,0.218669,2.16718,0.304732,-0.492795,-0.717343
-0.17368,0.146296,0.219839,2.16678,0.302904,-0.49177,-0.718538
-0.173636,0.146793,0.221087,2.16596,0.303102,-0.490645,-0.71754
-0.173703,0.147149,0.222472,2.1653,0.301864,-0.489649,-0.71626
-0.173621,0.14745,0.223765,2.16482,0.301132,-0.488264,-0.715553
-0.173677,0.147902,0.225049,2.16399,0.300104,-0.486893,-0.71522
-0.173864,0.148185,0.226299,2.16334,0.298595,-0.485141,-0.715318
-0.173719,0.148667,0.227601,2.16271,0.297781,-0.484191,-0.715479
-0.173772,0.149079,0.228737,2.16201,0.29634,-0.482355,-0.717403
-0.173736,0.149442,0.229894,2.16157,0.294728,-0.4806,-0.719538
